# type (r[1-9];w;u),class,name,comment,QQ,ZZ,PBSB,ID,field,part (m;s),type / templates,divider / values,unit,comment,field,part (m;s),type / templates,divider / values,unit,comment,field,part (m;s),type / templates,divider / values,unit,comment,field,part (m;s),type / templates,divider / values,unit,comment,field,part (m;s),type / templates,divider / values,unit,comment,field,part (m;s),type / templates,divider / values,unit,comment,field,part (m;s),type / templates,divider / values,unit,comment,field,part (m;s),type / templates,divider / values,unit,comment,field,part (m;s),type / templates,divider / values,unit,comment,field,part (m;s),type / templates,divider / values,unit,comment,field,part (m;s),type / templates,divider / values,unit,comment
#,22102,OTE 2,22102 1001 472,,,,,,,,,,,,,,,,,,,,,,,,,,,,,,,,,,,,,,,,,,,,,,,,,,,,,,,,,,,,,,,,,,,,,,
*r,temperature,,,,15,0621,00,,,,,,,,,,,,,,,,,,,,,,,,,,,,,,,,,,,,,,,,,,,,,,,,,,,,,,,,,,,,,,,,,,
r,,outside,Au√üentemperatur,,,,800040,,,param,,,,,,tempt,,,,,,,,,,,,,,,,,,,,,,,,,,,,,,,,,,,,,,,,,,,,,,,,,,,,,,,,,
r,,water,Warmwasser Temperatur,,,,840040,,,param,,,,,,tempt,,,,,,,,,,,,,,,,,,,,,,,,,,,,,,,,,,,,,,,,,,,,,,,,,,,,,,,,,
r,,buffer,Vorlauftemperatur,,,,e00040,,,param,,,,,,tempt,,,,,,,,,,,,,,,,,,,,,,,,,,,,,,,,,,,,,,,,,,,,,,,,,,,,,,,,,
*r,heating,,,,15,0621,77,,,,,,,,,,,,,,,,,,,,,,,,,,,,,,,,,,,,,,,,,,,,,,,,,,,,,,,,,,,,,,,,,,
r,,status,,,,,800008,,,param,,,,,,status,,,,,,,,,,,,,,,,,,,,,,,,,,,,,,,,,,,,,,,,,,,,,,,,,,,,,,,,,
r,,outside,,,,,810008,,,param,,,,,,tempt,,,,,,,,,,,,,,,,,,,,,,,,,,,,,,,,,,,,,,,,,,,,,,,,,,,,,,,,,
r,,outsideavg,,,,,820008,,,param,,,,,,tempt,,,,,,,,,,,,,,,,,,,,,,,,,,,,,,,,,,,,,,,,,,,,,,,,,,,,,,,,,
r,,room,,,,,830008,,,param,,,,,,tempt,,,,,,,,,,,,,,,,,,,,,,,,,,,,,,,,,,,,,,,,,,,,,,,,,,,,,,,,,
r,,roomnominal,,,,,840008,,,param,,,,,,tempt,,,,,,,,,,,,,,,,,,,,,,,,,,,,,,,,,,,,,,,,,,,,,,,,,,,,,,,,,
r,,flow,,,,,850008,,,param,,,,,,tempt,,,,,,,,,,,,,,,,,,,,,,,,,,,,,,,,,,,,,,,,,,,,,,,,,,,,,,,,,
r,,flownominal,,,,,860008,,,param,,,,,,tempt,,,,,,,,,,,,,,,,,,,,,,,,,,,,,,,,,,,,,,,,,,,,,,,,,,,,,,,,,
r,,humidity,,,,,870008,,,param,,,,,,humidity,,,,,,,,,,,,,,,,,,,,,,,,,,,,,,,,,,,,,,,,,,,,,,,,,,,,,,,,,
*r,boiler,,,,15,0621,79,,,,,,,,,,,,,,,,,,,,,,,,,,,,,,,,,,,,,,,,,,,,,,,,,,,,,,,,,,,,,,,,,,
r,,status,,,,,80000e,,,param,,,,,,status,,,,,,,,,,,,,,,,,,,,,,,,,,,,,,,,,,,,,,,,,,,,,,,,,,,,,,,,,
r,,tb,,,,,81000e,,,param,,,,,,tempt,,,,,,,,,,,,,,,,,,,,,,,,,,,,,,,,,,,,,,,,,,,,,,,,,,,,,,,,,
r,,nominal,,,,,82000e,,,param,,,,,,tempt,,,,,,,,,,,,,,,,,,,,,,,,,,,,,,,,,,,,,,,,,,,,,,,,,,,,,,,,,
*r,buffer,,,,15,0621,7a,,,,,,,,,,,,,,,,,,,,,,,,,,,,,,,,,,,,,,,,,,,,,,,,,,,,,,,,,,,,,,,,,,
r,,tpo,,,,,800010,,,param,,,,,,tempt,,,,,,,,,,,,,,,,,,,,,,,,,,,,,,,,,,,,,,,,,,,,,,,,,,,,,,,,,
r,,tpm,,,,,810010,,,param,,,,,,tempt,,,,,,,,,,,,,,,,,,,,,,,,,,,,,,,,,,,,,,,,,,,,,,,,,,,,,,,,,
r,,flow,,,,,820010,,,param,,,,,,tempt,,,,,,,,,,,,,,,,,,,,,,,,,,,,,,,,,,,,,,,,,,,,,,,,,,,,,,,,,
r,,nominal,,,,,830010,,,param,,,,,,tempt,,,,,,,,,,,,,,,,,,,,,,,,,,,,,,,,,,,,,,,,,,,,,,,,,,,,,,,,,
r,,heating,,,,,840010,,,param,,,,,,percent100,,,,,,,,,,,,,,,,,,,,,,,,,,,,,,,,,,,,,,,,,,,,,,,,,,,,,,,,,
r,,boiler,,,,,850010,,,param,,,,,,percent100,,,,,,,,,,,,,,,,,,,,,,,,,,,,,,,,,,,,,,,,,,,,,,,,,,,,,,,,,
r,,status,,,,,860010,,,param,,,,,,status,,,,,,,,,,,,,,,,,,,,,,,,,,,,,,,,,,,,,,,,,,,,,,,,,,,,,,,,,
*r,heatpump,,,,15,0621,7d,,,,,,,,,,,,,,,,,,,,,,,,,,,,,,,,,,,,,,,,,,,,,,,,,,,,,,,,,,,,,,,,,,
r,,mode,,,,0621,02b50040,,,param,,,,,,hpstatus,,,,,,,,,,,,,,,,,,,,,,,,,,,,,,,,,,,,,,,,,,,,,,,,,,,,,,,,,
r,,status,,,,,800002,,,param,,,,,,status,,,,,,,,,,,,,,,,,,,,,,,,,,,,,,,,,,,,,,,,,,,,,,,,,,,,,,,,,
r,,twv,,,,,810002,,,param,,,,,,tempt,,,,,,,,,,,,,,,,,,,,,,,,,,,,,,,,,,,,,,,,,,,,,,,,,,,,,,,,,
r,,nominal,,,,,820002,,,param,,,,,,tempt,,,,,,,,,,,,,,,,,,,,,,,,,,,,,,,,,,,,,,,,,,,,,,,,,,,,,,,,,
r,,twr,,,,,830002,,,param,,,,,,tempt,,,,,,,,,,,,,,,,,,,,,,,,,,,,,,,,,,,,,,,,,,,,,,,,,,,,,,,,,
r,,tqa,,,,,840002,,,param,,,,,,tempt,,,,,,,,,,,,,,,,,,,,,,,,,,,,,,,,,,,,,,,,,,,,,,,,,,,,,,,,,
r,,tqe,,,,,850002,,,param,,,,,,tempt,,,,,,,,,,,,,,,,,,,,,,,,,,,,,,,,,,,,,,,,,,,,,,,,,,,,,,,,,
r,,cycles,,,,,860002,,,param,,,,,,cycles,,,,,,,,,,,,,,,,,,,,,,,,,,,,,,,,,,,,,,,,,,,,,,,,,,,,,,,,,
r,,hours,,,,,870002,,,param,,,,,,hours,,,,,,,,,,,,,,,,,,,,,,,,,,,,,,,,,,,,,,,,,,,,,,,,,,,,,,,,,
r,,volume1,,,,,880002,,,param,,,,,,volume,,,,,,,,,,,,,,,,,,,,,,,,,,,,,,,,,,,,,,,,,,,,,,,,,,,,,,,,,
r,,volume2,,,,,890002,,,param,,,,,,volume,,,,,,,,,,,,,,,,,,,,,,,,,,,,,,,,,,,,,,,,,,,,,,,,,,,,,,,,,
r,,heatkwh,,,,,8a0002,,,param,,,,,,kwh,,,,,,,,,,,,,,,,,,,,,,,,,,,,,,,,,,,,,,,,,,,,,,,,,,,,,,,,,
r,,heatmwh,,,,,8b0002,,,param,,,,,,mwh,,,,,,,,,,,,,,,,,,,,,,,,,,,,,,,,,,,,,,,,,,,,,,,,,,,,,,,,,
r,,coolkwh,,,,,8c0002,,,param,,,,,,kwh,,,,,,,,,,,,,,,,,,,,,,,,,,,,,,,,,,,,,,,,,,,,,,,,,,,,,,,,,
r,,coolmwh,,,,,8d0002,,,param,,,,,,mwh,,,,,,,,,,,,,,,,,,,,,,,,,,,,,,,,,,,,,,,,,,,,,,,,,,,,,,,,,
r,,waterkwh,,,,,8e0002,,,param,,,,,,kwh,,,,,,,,,,,,,,,,,,,,,,,,,,,,,,,,,,,,,,,,,,,,,,,,,,,,,,,,,
r,,watermwh,,,,,8f0002,,,param,,,,,,mwh,,,,,,,,,,,,,,,,,,,,,,,,,,,,,,,,,,,,,,,,,,,,,,,,,,,,,,,,,
*b,master,,,,FE,,,,,,,,,,,,,,,,,,,,,,,,,,,,,,,,,,,,,,,,,,,,,,,,,,,,,,,,,,,,,,,,,,,,
b,,datetime,,,,0700,,,,temp2,,,,,,btime,,,,,,bdate,,,,,,,,,,,,,,,,,,,,,,,,,,,,,,,,,,,,,,,,,,,,,,,,,,,
b,,data1,,,,0801,,buffer,,D2B,,,,boiler,,D2B,,,,test,,IGN,,,,bwr,,BI0,,,,pump,,BI1,,,,buffer1,,BI2,,,,buffer2,,BI3,,,,loading,,BI4,,,,boiler,,BI5,,,,tbfconnect,,BI6,,,,return,,D2B,,,
b,,data2,,,,0802,,buffer,,D2B,,,,boiler,,D2B,,,,expected,,D1B,,,,device,,UCH,,,,error,,UCH,,,,,,,,,,,,,,,,,,,,,,,,,,,,,,,,,,,,,,,
