#type (r[1-9];w;u),circuit,name,[comment],[QQ],ZZ,PBSB,[ID],field1,part (m/s),datatypes/templates,divider/values,unit,comment,field2,part (m/s)_1,datatypes/templates_2,divider/values_3,unit_4,comment_5,field3,part (m/s)_6,datatypes/templates_7,divider/values_8,unit_9,comment_10,field4,part (m/s)_11,datatypes/templates_12,divider/values_13,unit_14,comment_15,Column1

r,hmu,Standby,,,,B503,020003,,,HEX:6,,,,,,,,,,,,,,,,,,,,,

# START Unknown messages,,,,,,,,,,,,,,,,,,,,,,,,,,,,,,,
r,hmu,unknownMPoll60sB507h,,,08,B507,0900,,,HEX:*,,,Unknown poll every 60 seconds from CTLV2 to HMU,,,,,,,,,,,,,,,,,,
r,hmu,unknownPowerModulationLevel,,,08,B507,0931,,,D1C,,%,Heatpump power modulation level (%)
#r,hmu,unknownMPoll60sB511h,,,08,B511,00,,,HEX:*,,,Unknown poll every 60 seconds from CTLV2 to HMU,,,,,,,,,,,,,,,,,,
*r,,,,,,B51A,,,,IGN:1,,,,,,,,,,,,,,,,,,,,,
r,,unknownMPoll60sB51Ah2,,,08,,32,,,HEX:*,,,Unknown poll every 60 seconds from VWZ to HMU,,,,,,,,,,,,,,,,,,
r,,unknownMPoll60sB51Ah3,,,08,,33,,,HEX:*,,,Unknown poll every 60 seconds from VWZ to HMU,,,,,,,,,,,,,,,,,,
r,,unknownMPoll60sB51Ah4,,,08,,34,,,HEX:*,,,Unknown poll every 60 seconds from VWZ to HMU,,,,,,,,,,,,,,,,,,
r,,unknownMPoll60sB51Ah5,,,08,,35,,,HEX:*,,,Unknown poll every 60 seconds from VWZ to HMU,,,,,,,,,,,,,,,,,,
r,,unknownMPoll60sB51Ah6,,,08,,36,,,HEX:*,,,Unknown poll every 60 seconds from VWZ to HMU,,,,,,,,,,,,,,,,,,
*r,,,,,,B51A,04,,,,,,,,,,,,,,,,,,,,,,,,
r,,unknownMB51Ah2634,,,08,,2634,,,HEX:*,,,Unknown from VWZ to HMU,,,,,,,,,,,,,,,,,,
r,,unknownMB51Ah0532,,,08,,0532,,,HEX:*,,,Unknown from VWZ to HMU,,,,,,,,,,,,,,,,,,
r,,unknownMB513h0528,,,08,B513,0528,,,HEX:*,,,Unknown from CTLV2 to HMU,,,,,,,,,,,,,,,,,,
r,,unknownMB509h2802,,,08,B509,2802,,,HEX:*,,,Unknown from VWZ to HMU,,,,,,,,,,,,,,,,,,
# END Unknown messages,,,,,,,,,,,,,,,,,,,,,,,,,,,,,,,

# Values from VWZ AI Plus Test Menu,,,,,,,,,,,,,,,,,,,,,,,,,,,,,,,
#(queried from WP entries Installer level/Test Menu/Sensor test),,,,,,,,,,,,,,,,,,,,,,,,,,,,,,,
*r,,,,,,B514,05,,,IGN:2,,,,,,,,,,,,,,,,,,,,,
# removed all messages that yielded ffff,,,,,,,,,,,,,,,,,,,,,,,,,,,,,,,

*r,,,,,,"B511",,,,,,,,,,,,,,,,,,,,,,,,,
#r,,State,,,,,07,energy,,UCH,,,,,,energy,,kWh,,onoff,,UCH,0=off;1=on,,,state,,UCH,0x01=ready;0x0b=error;0x09=heating;0x11=cooling;0x81=heating_water,,
r,,State,,,,,07,field1,,UCH,,,,field2,,UIN,,,,field3,,UCH,,,,field4,,UCH,,,,field5,,UIN,,,,field6,,UCH,,,

*r,,,,,,B514,,,,IGN:2,,,,,,,,,,,,,,,,,,,,,,
r,,HE_Gebaeudekreispumpe,T.0.01,,,,050103ffff,,,UIN,,%,Leistung Gebaeudekreispumpe,,,,,,,,,,,,,,,,,,,
r,,HE_Luefter1leistung,T.0.17,,,,051103ffff,,,UIN,,%,Lüfter1leistung,,,,,,,,,,,,,,,,,,,
r,,HE_Luefter2leistung,T.0.17,,,,051203ffff,,,UIN,,%,Lüfter2leistung,,,,,,,,,,,,,,,,,,,
r,,HE_Kondensatwannenheizung,T.0.19,,,,051303ffff,,,UCH,,,Kondensatwannenheizung,,,,,,,,,,,,,,,,,,,
r,,HE_4_Wege_Ventil,T.0.20,,,,051403ffff,,,UCH,,,4 Wege Ventil,,,,,,,,,,,,,,,,,,,
r,,HE_Position_EEV,T.0.21,,,,051503ffff,,,UIN,,%,Position EEV,,,,,,,,,,,,,,,,,,,
r,,HE_Heizwendel_Kompressor,T.0.23,,,,051703ffff,,,UCH,,,Heizwendel Kompressor,,,,,,,,,,,,,,,,,,,
r,,HE_Vorlauftemperatur,T.0.40,,,,052803ffff,,,UIN,10,°C,Vorlauftemperatur,,,,,,,,,,,,,,,,,,,
r,,HE_Ruecklauftemperatur,T.0.41,,,,052903ffff,,,UIN,10,°C,Ruecklauftemperatur,,,,,,,,,,,,,,,,,,,
r,,HE_Wasserdruck,T.0.42,,,,052a03ffff,,,UIN,10,Bar,Wasserdruck,,,,,,,,,,,,,,,,,,,
r,,HE_Durchfluss,T.0.43,,,,052b03ffff,,,UIN,10,l/h,Durchfluss,,,,,,,,,,,,,,,,,,,
r,,HE_Lufteinlasstemperatur,T.0.48,,,,053003ffff,,,UIN,10,°C,Lufteinlasstemperatur,,,,,,,,,,,,,,,,,,,
r,,HE_Kompressorauslasstemperatur,T.0.55,,,,053703ffff,,,EXP,,°C,Kompressorauslasstemperatur,,,,,,,,,,,,,,,,,,,
r,,HE_Kompressoreinlasstemperatur,T.0.56,,,,053803ffff,,,EXP,,°C,Kompressoreinlasstemperatur,,,,,,,,,,,,,,,,,,,
r,,HE_EEV_Auslass,T.0.57,,,,053903ffff,,,EXP,,°C,Temperatur EEV Auslass,,,,,,,,,,,,,,,,,,,
r,,HE_Kondensatorauslass,T.0.59,,,,053b03ffff,,,EXP,,°C,Temperatur Kondensatorauslass,,,,,,,,,,,,,,,,,,,
r,,HE_Hochdruck,T.0.63,,,,053f03ffff,,,D2B,,Bar,Hochdruck,,,,,,,,,,,,,,,,,,,
r,,HE_Niederdruck,T.0.64,,,,054003ffff,,,D2B,,Bar,Niederdruck,,,,,,,,,,,,,,,,,,,
r,,HE_Hochdruckschalter,T.0.67,,,,054303ffff,,,UCH,,,Hochdruckschalter,,,,,,,,,,,,,,,,,,,
r,,HE_Verdampfungstemperatur,T.0.85,,,,055503ffff,,,EXP,,°C,Verdampfungstemperatur,,,,,,,,,,,,,,,,,,,
r,,HE_Kondensationstemperatur,T.0.86,,,,055603ffff,,,EXP,,°C,Kondensationstemperatur,,,,,,,,,,,,,,,,,,,
r,,HE_Sollwert_Ueberhitzung,T.0.87,,,,055703ffff,,,SCH,,K,Sollwert Überhitzung,,,,,,,,,,,,,,,,,,,
r,,HE_Istwert_Ueberhitzung,T.0.88,,,,055803ffff,,,SCH,,K,Istwert Überhitzung,,,,,,,,,,,,,,,,,,,
r,,HE_Sollwert_Unterkuehlung,T.0.89,,,,055903ffff,,,SCH,,K,Sollwert Unterkühlung,,,,,,,,,,,,,,,,,,,
r,,HE_Istwert_Unterkühlung,T.0.90,,,,055a03ffff,,,SCH,,K,Istwert Unterkühlung,,,,,,,,,,,,,,,,,,,
r,,HE_Kompressor_Drehzahl,T.0.93,,,,055d03ffff,,,D2C,,ups,Kompressor Drehzahl,,,,,,,,,,,,,,,,,,,
r,,HE_Temperaturschalter_Kompressor_Auslass,T.0.123,,,,057b03ffff,,,UCH,0=open;1=closed,,Temperaturschalter Kompressor Auslass,,,,,,,,,,,,,,,,,,,
r,,HE_Vorrangumschaltventil_Warmwasser,T.1.02,,,,050203ffff,,,UCH,0=heating;1=dhw,,Vorrangumschaltventil Warmwasser,,,,,,,,,,,,,,,,,,,
r,,HE_Speichertemperatur,T.1.44,,,,052c03ffff,,,EXP,,°C,Speichertemperatur,,,,,,,,,,,,,,,,,,,
r,,HE_Sperrkontakt_S20,T.1.46,,,,052e03ffff,,,UCH,0=open;1=closed,,Sperrkontakt S20,,,,,,,,,,,,,,,,,,,
r,,HE_Aussentemperatur,T.1.69,,,,054503ffff,,,D1C,,°C,Außentemperatur,,,,,,,,,,,,,,,,,,,
r,,HE_Systemtemperatur,T.1.70,,,,054603ffff,,,EXP,,°C,Systemtemperatur,,,,,,,,,,,,,,,,,,,
r,,HE_DCF_Status,T.1.71,,,,054703ffff,,,dcfstate,,,DCF Status,,,,,,,,,,,,,,,,,,,
r,,HE_Sperrkontakt_S21,T.1.72,,,,054803ffff,,,UCH,0=open;1=closed,,Sperrkontakt S21,,,,,,,,,,,,,,,,,,,
r,,HE_MA1_Ausgang,T.1.119,,,,057703ffff,,,UCH,,,MA1 Ausgang : Zone valve; cooling signal; intermediate heat exchanger pump,,,,,,,,,,,,,,,,,,,
r,,HE_STB_Heizstab,T.1.124,,,,057c03ffff,,,UCH,0=open;1=closed,,STB Heizstab,,,,,,,,,,,,,,,,,,,
r,,HE_MA_Eingang,T.1.125,,,,057d03ffff,,,UCH,,,MA Eingang 1 (ME or X41 terminals): Manual circulation switch-on; PV DHW Boost; Cooling Mode,,,,,,,,,,,,,,,,,,,
r,,HE_MA2_Ausgang,T.1.126,,,,057e03ffff,,,UCH,,,MA2 Ausgang: Circulation pump; anti-legionella pump; zone valve; dehumidifying unit,,,,,,,,,,,,,,,,,,,
r,,HE_MA_Ausgang,T.1.127,,,,057f03ffff,,,UCH,,,MA1 Ausgang,,,,,,,,,,,,,,,,,,,
r,,HE_Vorlauftemperatur_Heizstab,T.1.130,,,,058203ffff,,,EXP,,°C,Vorlauftemperatur Heizstab,,,,,,,,,,,,,,,,,,,
r,,CondensorInletTemp,,,,,8103FFFF,,,temps2,10,°C,Condensor inlet temperature (°C),,,,,,,,,,,,,,,,,,
r,,xUnknown2F,,,,,2F03FFFF,,,HEX:*,,,,,,,,,,,,,,,,,,,,,
r,,xUnknown60,,,,,6003FFFF,,,HEX:*,,,,,,,,,,,,,,,,,,,,,
r,,xUnknown62,,,,,6203FFFF,,,HEX:*,,,,,,,,,,,,,,,,,,,,,
r,,xUnknown66,,,,,6603FFFF,,,HEX:*,,,,,,,,,,,,,,,,,,,,,
r,,xUnknown67,,,,,6703FFFF,,,HEX:*,,,,,,,,,,,,,,,,,,,,,
r,,xUnknown68,,,,,6803FFFF,,,HEX:*,,,,,,,,,,,,,,,,,,,,,
r,,xUnknown69,,,,,6903FFFF,,,HEX:*,,,,,,,,,,,,,,,,,,,,,
r,,xUnknown6A,,,,,6A03FFFF,,,HEX:*,,,,,,,,,,,,,,,,,,,,,
r,,xUnknown80,,,,,8003FFFF,,,HEX:*,,,,,,,,,,,,,,,,,,,,,

# Total heating yields,,,,,,,,,,,,,,,,,,,,,,,,,,,,,,,
*r,,,,,,B516,18,,,IGN:1,,,,,,,,,,,,,,,,,,,,,
r,,YieldTotal,,,,,01,,,energy,,kWh,,,,,,,,,,,,,,,,,,,

# Total electric power consumption,,,,,,,,,,,,,,,,,,,,,,,,,,,,,,,
r,,ConsumptionTotal,,,,,02,,,energy,,kWh,,,,,,,,,,,,,,,,,,,

# Ecologic energy Yields,,,,,,,,,,,,,,,,,,,,,,,,,,,,,,,
*r,,,,,,B516,1A,,,IGN:1,,,,,,,,,,,,,,,,,,,,,
r,,YieldThisYear1,,,,,010100,month,,D1B,,kWh,,,,IGN:1,,,,,,energy,,,,,,,,,
r,,YieldThisYear2,,,,,010200,month,,D1B,,kWh,,,,IGN:1,,,,,,energy,,,,,,,,,
r,,YieldThisYear3,,,,,010300,month,,D1B,,kWh,,,,IGN:1,,,,,,energy,,,,,,,,,
r,,YieldThisYear4,,,,,010400,month,,D1B,,kWh,,,,IGN:1,,,,,,energy,,,,,,,,,
r,,YieldThisYear5,,,,,010500,month,,D1B,,kWh,,,,IGN:1,,,,,,energy,,,,,,,,,
r,,YieldThisYear6,,,,,010600,month,,D1B,,kWh,,,,IGN:1,,,,,,energy,,,,,,,,,
r,,YieldThisYear7,,,,,010700,month,,D1B,,kWh,,,,IGN:1,,,,,,energy,,,,,,,,,
r,,YieldThisYear8,,,,,010800,month,,D1B,,kWh,,,,IGN:1,,,,,,energy,,,,,,,,,
r,,YieldThisYear9,,,,,010900,month,,D1B,,kWh,,,,IGN:1,,,,,,energy,,,,,,,,,
r,,YieldThisYear10,,,,,010A00,month,,D1B,,kWh,,,,IGN:1,,,,,,energy,,,,,,,,,
r,,YieldThisYear11,,,,,010B00,month,,D1B,,kWh,,,,IGN:1,,,,,,energy,,,,,,,,,
r,,YieldThisYear12,,,,,010C00,month,,D1B,,kWh,,,,IGN:1,,,,,,energy,,,,,,,,,

# Electric power consumption,,,,,,,,,,,,,,,,,,,,,,,,,,,,,,,
r,,ConsumptionThisYear1,,,,,020100,month,,D1B,,kWh,,,,IGN:1,,,,,,energy,,,,,,,,,
r,,ConsumptionThisYear2,,,,,020200,month,,D1B,,kWh,,,,IGN:1,,,,,,energy,,,,,,,,,
r,,ConsumptionThisYear3,,,,,020300,month,,D1B,,kWh,,,,IGN:1,,,,,,energy,,,,,,,,,
r,,ConsumptionThisYear4,,,,,020400,month,,D1B,,kWh,,,,IGN:1,,,,,,energy,,,,,,,,,
r,,ConsumptionThisYear5,,,,,020500,month,,D1B,,kWh,,,,IGN:1,,,,,,energy,,,,,,,,,
r,,ConsumptionThisYear6,,,,,020600,month,,D1B,,kWh,,,,IGN:1,,,,,,energy,,,,,,,,,
r,,ConsumptionThisYear7,,,,,020700,month,,D1B,,kWh,,,,IGN:1,,,,,,energy,,,,,,,,,
r,,ConsumptionThisYear8,,,,,020800,month,,D1B,,kWh,,,,IGN:1,,,,,,energy,,,,,,,,,
r,,ConsumptionThisYear9,,,,,020900,month,,D1B,,kWh,,,,IGN:1,,,,,,energy,,,,,,,,,
r,,ConsumptionThisYear10,,,,,020A00,month,,D1B,,kWh,,,,IGN:1,,,,,,energy,,,,,,,,,
r,,ConsumptionThisYear11,,,,,020B00,month,,D1B,,kWh,,,,IGN:1,,,,,,energy,,,,,,,,,
r,,ConsumptionThisYear12,,,,,020C00,month,,D1B,,kWh,,,,IGN:1,,,,,,energy,,,,,,,,,

*r,,,,,,B51A,05,,,IGN:3,,,,,,,,,,,,,,,,,,,,,
*w,,,,,,B51A,06,,,,,,,,,,,,,,,,,,,,,,,,
r,,YieldHcDay,,,,,FF3200,,,energy,10,kWh,,,,,,,,,,,,,,,,,,,
r,,YieldCoolingDay,,,,,FF3201,,,energy,10,kWh,,,,,,,,,,,,,,,,,,,
r,,YieldHwcDay,,,,,FF3202,,,energy,10,kWh,,,,,,,,,,,,,,,,,,,
r,,ch_3,,,,,FF3203,,,UIN,,,,,,,,,,,,,,,,,,,,,
r,,ch_4,,,,,FF3204,,,UIN,,,,,,,,,,,,,,,,,,,,,
r,,ch_5,,,,,FF3205,,,UIN,,,,,,,,,,,,,,,,,,,,,
r,,ch_6,,,,,FF3206,,,UIN,,,,,,,,,,,,,,,,,,,,,
r,,ch_7,,,,,FF3207,,,UIN,,,,,,,,,,,,,,,,,,,,,
r;w,,TargetTempHwc,(with intergrated System thermostat),,,,C63207,,,D2C,,°C,Target Hwc temperature (°C),,,,,,,,,,,,,,,,,,
r,,YieldHcMonth,,,,,FF320E,,,energy,10,kWh,,,,,,,,,,,,,,,,,,,
r,,CopHcMonth,,,,,FF320F,,,UIN,10, ,,,,,,,,,,,,,,,,,,,
r,,YieldHc,,,,,FF3210,,,energy,,kWh,Total Yield Heating Circuit,,,,,,,,,,,,,,,,,,
r,,CopHc,,,,,FF3211,,,UIN,10, ,Total Cop Heating Circuit,,,,,,,,,,,,,,,,,,
r,,YieldHwcMonth,,,,,FF3212,,,energy,10,kWh,,,,,,,,,,,,,,,,,,,
r,,CopHwcMonth,,,,,FF3213,,,UIN,10, ,,,,,,,,,,,,,,,,,,,
r,,YieldHwc,,,,,FF3216,,,energy,,kWh,Total Yield Hot Water Circuit,,,,,,,,,,,,,,,,,,
r,,CopHwc,,,,,FF3217,,,UIN,10, ,Total Cop Hot Water Circuit,,,,,,,,,,,,,,,,,,
r,,ch_18,,,,,FF3218,,,UIN,,,,,,,,,,,,,,,,,,,,,
r;w,,TargetTempHc,(with intergrated System thermostat),,,,FF321C,,,D2C,,°C,Target temperature Hc (°C),,,,,,,,,,,,,,,,,,
r,,CompressorBlocktime,,,,,FF321E,,,UIN,,min,,,,,,,,,,,,,,,,,,,
r,,SupplyTempWeighted,,,,,FF321F,,,D2C,10,°C,,,,,,,,,,,,,,,,,,,
r,,FlowTemp,,,,,FF3220,,,D2C,,°C,,,,,,,,,,,,,,,,,,,
r,,EnergyIntegral,,,,,FF3221,,,integral,,°min,current energy integral in °min,,,,,,,,,,,,,,,,,,
r,,SourceTempInput,,,,,FF3222,,,D2C,,°C,,,,,,,,,,,,,,,,,,,
r,,CurrentYieldPower,,,,,FF3223,,,D1B,10,kW,,,,,,,,,,,,,,,,,,,
r,,CurrentConsumedPower,,,,,FF3224,,,D1B,10,kW,,,,,,,,,,,,,,,,,,,
r,,CompressorModulation,,,,,FF3225,,,UIN,10,%,,,,,,,,,,,,,,,,,,,
r,,AirIntakeTemp,,,,,FF3226,,,D2C,,°C,,,,,,,,,,,,,,,,,,,
r,,SourceTempOutput,,,,,FF3227,,,D2C,,°C,,,,,,,,,,,,,,,,,,,
r,,YieldCoolingMonth,,,,,FF322A,,,energy,10,kWh,,,,,,,,,,,,,,,,,,,
r,,CopCoolingMonth,,,,,FF322B,,,energy,10, ,SEER,,,,,,,,,,,,,,,,,,
r,,YieldCooling,,,,,FF322C,,,energy,10,kWh,Total Yield Cooling,,,,,,,,,,,,,,,,,,
r,,CopCooling,,,,,FF322D,,,energy,10, ,Total Cop Cooling,,,,,,,,,,,,,,,,,,
r,,WaterThroughput,,,,,FF323C,,,UIN,,l/h,,,,,,,,,,,,,,,,,,,
r,,FlowPressure,,,,,FF323D,,,D2C,4,bar,,,,,,,,,,,,,,,,,,,
r,,SourcePressure,,,,,FF323E,,,D2C,4,bar,,,,,,,,,,,,,,,,,,,
r,,TotalRunningHours,,,,,FF3240,,,UIN,,hours,,,,,,,,,,,,,,,,,,,
r,,RunningHoursHc,,,,,FF3241,,,UIN,,hours,,,,,,,,,,,,,,,,,,,
r,,RunningHoursCooling,,,,,FF3243,,,UIN,,hours,,,,,,,,,,,,,,,,,,,
r,,RunningHoursHwc,,,,,FF3244,,,UIN,,hours,,,,,,,,,,,,,,,,,,,
r,,ch_46,,,,,FF3246,,,UIN,,,,,,,,,,,,,,,,,,,,,
r,,ch_49,,,,,FF3249,,,UIN,,,,,,,,,,,,,,,,,,,,,
r,,ch_4a,,,,,FF324A,,,UIN,,,,,,,,,,,,,,,,,,,,,
r,,ch_4b,,,,,FF324B,,,UIN,,,,,,,,,,,,,,,,,,,,,
r,,ch_4c,,,,,FF324C,,,UIN,,,,,,,,,,,,,,,,,,,,,
r,,TotalEnergyUsage,,,,,FF324D,,,energy,,kWh,,,,,,,,,,,,,,,,,,,
r,,ch_63,,,,,FF3263,,,UIN,,,,,,,,,,,,,,,,,,,,,
# FF33xx: ,,,,,,,,,,,,,,,,,,,,,,,,,,,,,,,
r;w,,MainsBlocktimeMinDuration,,,,,FF3319,,,UCH,,min,Minimum block time duration (in minutes),,,,,,,,,,,,,,,,,,
r;w,,ActiveCoolingEnabled,,,,,FF331B,,,yesno,,,Active Cooling technology enabled,,,,,,,,,,,,,,,,,,
r,,ImmersionHeaterMode,,,,,FF331E,,,UCH,0=off;1=on,,Immersion heater mode (on/off),,,,,,,,,,,,,,,,,,
r;w,,CompressorCurrentLimit,,,,,FF331F,,,UCH,,A,Compressor Electric Current limitation (A),,,,,,,,,,,,,,,,,,
# FF34xx: ,,,,,,,,,,,,,,,,,,,,,,,,,,,,,,,
r,,CompressorHours,,,,,FF3400,,,UIN,,hours,,,,,,,,,,,,,,,,,,,
r,,CompressorStarts,,,,,FF3401,,,UIN,,,,,,,,,,,,,,,,,,,,,
r,,BuildingPumpHours,,,,,FF3402,,,UIN,,hours,,,,,,,,,,,,,,,,,,,
r,,BuildingPumpStarts,,,,,FF3403,,,UIN,,,,,,,,,,,,,,,,,,,,,
r,,4PortValveHours,,,,,FF3406,,,UIN,,hours,,,,,,,,,,,,,,,,,,,
r,,4PortValveSwitches,,,,,FF3407,,,UIN,,,,,,,,,,,,,,,,,,,,,
r,,EEVSteps,,,,,FF340D,,,UIN,,,,,,,,,,,,,,,,,,,,,
r;w,,EnergyIntegralStartHeating,,,,,FF341E,,,integral,,°min,Energy Integral value to start heating (°min),,,,,,,,,,,,,,,,,,
r;w,,BuildingCircuitMaxPressureDifference,,,,,FF341F,,,UIN,,mBar,Maximum pressure difference in building circuit (mBar),,,,,,,,,,,,,,,,,,
r;w,,EnergyIntegralStartCooling,,,,,FF3421,,,integral,,°min,Energy Integral value to start cooling (°min),,,,,,,,,,,,,,,,,,
r;w,,CompressorSilentOperationLevel,,,,,FF3428,,,percent0,,,Compressor Silent Operation level,,,,,,,,,,,,,,,,,,
r;w,,MainsBlocktimeMaxDuration,,,,,FF342D,,,UCH,,hrs,Maximum block time duration (in hours),,,,,,,,,,,,,,,,,,
r,,NoOfSwitchingOps,,,,,FF3430,,,UIN,,,,,,,,,,,,,,,,,,,,,
r,,CompressorHysteresisHc,,,,,FF3443,,,D2C,,K,Compressor hysteresis central heating (K),,,,,,,,,,,,,,,,,,
r;w,,HwcMode,,,,,FF3444,,,UCH,0=eco;1=normal;2=balance,,Domestic hot water mod (eco/normal/balance),,,,,,,,,,,,,,,,,,
r,,Fan1OperHours,,,,,FF3451,,,UIN,,hours,,,,,,,,,,,,,,,,,,,
r,,Fan1Starts,,,,,FF3452,,,UIN,,,,,,,,,,,,,,,,,,,,,
r,,Fan2OperHours,,,,,FF345E,,,UIN,,hours,,,,,,,,,,,,,,,,,,,
r,,Fan2Starts,,,,,FF345F,,,UIN,,,,,,,,,,,,,,,,,,,,,
# FF35xx: ,,,,,,,,,,,,,,,,,,,,,,,,,,,,,,,
# Heat pump configuration menu values,,,,,,,,,,,,,,,,,,,,,,,,,,,,,,,
r;w,,HeatCurve,(with intergrated System thermostat),,,,FF352D,,,BCD,10,,(8F)Heat curve 0.1 to 4.0,,,,,,,,,,,,,,,,,,
r,,SummerSwitchOffTemp,(with intergrated System thermostat),,,,FF352E,,,D2C,,°C,(8F)Switch-off temperature summer (°C),,,,,,,,,,,,,,,,,,
r,,HcBivalencePoint,(with intergrated System thermostat),,,,FF352F,,,D2C,,°C,(8F)Central heating bivalence point (°C),,,,,,,,,,,,,,,,,,
r,,HwcBivalencePoint,(with intergrated System thermostat),,,,FF3530,,,D2C,,°C,(8F)Bivalence point domestic hot water (°C),,,,,,,,,,,,,,,,,,
r,,MaxFlowTemp,(with intergrated System thermostat),,,,FF3532,,,D2C,,°C,(8F)Maximum flow temperature (°C),,,,,,,,,,,,,,,,,,
r,,MinFlowTemp,(with intergrated System thermostat),,,,FF3533,,,D2C,,°C,(8F)Minimum flow temperature (°C),,,,,,,,,,,,,,,,,,
r,,HcModeActive,(with intergrated System thermostat),,,,FF3534,,,UCH,0=no;1=yes,,(8F)Central heating mode active (yes/no),,,,,,,,,,,,,,,,,,
r,,HwcModeActive,(with intergrated System thermostat),,,,FF3535,,,UCH,0=no;1=yes,,(8F)Domestic hot water mode active (yes/no),,,,,,,,,,,,,,,,,,
r,,HwcChargeHysteresis,(with intergrated System thermostat),,,,FF3539,,,D2C,,K,(8F)Hysteresis Hwc charging (K),,,,,,,,,,,,,,,,,,
r;w,,CompressorModulationType,,,,,FF353D,,,UCH,0=hard;1=soft,,Compressor Modulation type (soft/hard),,,,,,,,,,,,,,,,,,
r,,CompressorHysteresisCooling,,,,,FF353F,,,D2C,,K,Compressor hysteresis cooling (K),,,,,,,,,,,,,,,,,,


# B5 1A 32 Heatpump statistics Live Monitor,,,,,,,,,,,,,,,,,,,,,,,,,,,,,,,
*r,,,,,,"B51A","05FF32",,,IGN:3,,,,,,,,,,,,,,,,,,,,,
r,,EnergyHcDay,,,,,00,,,UIN,10,,,,,,,,,,,,,,,,,,,,
r,,EnergyHwcDay,,,,,02,,,UIN,10,,,,,,,,,,,,,,,,,,,,
r,,EnergyCool,,,,,01,,,energy,,,,,,,,,,,,,,,,,,,,,
r,,Hours,,,,,40,,,energy,,,,,,,,,,,,,,,,,,,,,
r,,HoursHc,,,,,41,,,energy,,,,,,,,,,,,,,,,,,,,,
#r,,ch_2,,,,,02,,,UIN,,,,,,,,,,,,,,,,,,,,,
r,,ch_3,,,,,03,,,UIN,,,,,,,,,,,,,,,,,,,,,
r,,ch_4,,,,,04,,,UIN,,,,,,,,,,,,,,,,,,,,,
r,,ch_5,,,,,05,,,UIN,,,,,,,,,,,,,,,,,,,,,
r,,ch_6,,,,,06,,,UIN,,,,,,,,,,,,,,,,,,,,,
r,,ch_7,,,,,07,,,UIN,,,,,,,,,,,,,,,,,,,,,
r,,YieldHcMonth,,,,,0e,,,UIN,10,,,,,,,,,,,,,,,,,,,,
r,,CopHcMonth,,,,,0f,,,UIN,10,,,,,,,,,,,,,,,,,,,,
r,,YieldHc,,,,,10,,,energy,,,,,,,,,,,,,,,
r,,CopHc,,,,,11,,,energy,10,,,,,,,,,,,,,,
r,,YieldHwcMonth,,,,,12,,,energy,10,,,,,,,,,,,,,,
r,,CopHwcMonth,,,,,13,,,energy,10,,,,,,,,,,,,,,
r,,YieldHwc,,,,,16,,,energy,,,,,,,,,,,,,,,
r,,CopHwc,,,,,17,,,energy,10,,,,,,,,,,,,,,
r,,ch_18,,,,,18,,,UIN,,,,,,,,,,,,,,,,,,,,,
r,,ch_1e,,,,,1e,,,UIN,,,,,,,,,,,,,,,,,,,,,
r,,ch_1f,,,,,1f,,,D2C,,,,,,,,,,,,,,,,,,,,,
r,,FlowTemp,,,,,20,,,D2C,,,,,,,,,,,,,,,,,,,,,
r1,,Integral,,,,,21,,,SIN,,,,,,,,,,,,,,,,,,,,,
r,,SourceTempInput,,,,,22,,,D2C,,,,,,,,,,,,,,,,,,,,,
r,,CurrentYieldPower,,,,,23,,,D1B,10,kW,aktuell gewonnene Energie aus der Umwelt in kW,,,,,,,,,,,,,,,,,,
r,,CurrentConsumedPower,,,,,24,,,D1B,10,kW,aktueller Stromverbrauch der Wärmepumpe in kW,,,,,,,,,,,,,,,,,,
r1,,CurrentCompressorUtil,,,,,25,,,D2C,,%,aktuelle Kompressorauslastung in Prozent,,,,,,,,,,,,,,,,,,
r,,SourceTempOutput,,,,,27,,,D2C,,,,,,,,,,,,,,,,,,,,,
r,,ch_26,,,,,26,,,D2C,,,,,,,,,,,,,,,,,,,,,
r,,ch_2A,,,,,2a,,,UIN,,,,,,,,,,,,,,,,,,,,,
r,,ch_2B,,,,,2b,,,UIN,,,,,,,,,,,,,,,,,,,,,
r,,ch_2C,,,,,2c,,,UIN,,,,,,,,,,,,,,,,,,,,,
r,,ch_2D,,,,,2d,,,UIN,,,,,,,,,,,,,,,,,,,,,
r,,Durchfluss,,,,,3c,,,UIN,,,,,,,,,,,,,,,,,,,,,
r,,FlowPressure,,,,,3d,,,D2C,4,,,,,,,,,,,,,,,,,,,,
r,,SourcePressure,,,,,3e,,,D2C,4,,,,,,,,,,,,,,,,,,,,
#r,,ch_3f,,,,,3f,,,UIN,,,,,,,,,,,,,,,,,,,,,
#r,,HoursCool,,,,,43,,,energy,,,,,,,,,,,,,,,
r,,HoursHwc,,,,,44,,,energy,,,,,,,,,,,,,,,
r,,ch_46,,,,,46,,,UIN,,,,,,,,,,,,,,,,,,,,,
r,,ch_49,,,,,49,,,UIN,,,,,,,,,,,,,,,,,,,,,
r,,ch_4a,,,,,4a,,,UIN,,,,,,,,,,,,,,,,,,,,,
r,,ch_4b,,,,,4b,,,UIN,,,,,,,,,,,,,,,,,,,,,
r,,ch_4c,,,,,4c,,,UIN,,,,,,,,,,,,,,,,,,,,,
r,,ch_63,,,,,63,,,UIN,,,,,,,,,,,,,,,,,,,,,
r,,ch_4d,,,,,4d,,,UIN,,,,,,,,,,,,,,,,,,,,,
#r,,Software,,,,,3f,,,STR:2,,,,,,,,,,,,,,,,,,,,,


# B5 1A 34 Fachhandwerker Konfiguration,,,,,,,,,,,,,,,,,,,,,,,,,,,,,,,
*r,,,,,,"B51A","05FF34",,,IGN:3,,,,,,,,,,,,,,,,,,,,,
*w,,,,,,"B51A","06FF34",,,,,,,,,,,,,,,,,,,,,,,,
r,,KompressorStunden,,,,,00,,,UIN,,h,,,,,,,,,,,,,,,,,,,
r,,KompressorStarts,,,,,01,,,UIN,,,,,,,,,,,,,,,,,,,,,
r,,HKPumpeStunden,,,,,02,,,UIN,,h,,,,,,,,,,,,,,,,,,,
r,,HKPumpeStarts,,,,,03,,,UIN,,,,,,,,,,,,,,,,,,,,,
r,,4WVentilStunden,,,,,06,,,UIN,,h,,,,,,,,,,,,,,,,,,,
r,,4WVentilSchaltvorgaenge,,,,,07,,,UIN,,,,,,,,,,,,,,,,,,,,,
r,,ExpansiuonsventilSchritte,,,,,0D,,,UIN,,,,,,,,,,,,,,,,,,,,,
r;w,,Restfoerderhoehe,,,,,1f,,,UIN,,mbar,,,,,,,,,,,,,,,,,,,
r;w,,hwcBetriebsart,,,,,44,,,UIN,,,Betriebsart Warmwasser 0=eco 1=normal 2=balance,,,,,,,,,,,,,,,,,,
r;w,,FluesterBetrieb,,,,,28,,,UIN,,,Flüsterbetrieb,,,,,,,,,,,,,,,,,,

# B5 1A Statistic Hydraulikstation - Live Monitor Bedienebene Betreiber
*r,,,,,,"B51A","0405",,,IGN:4,,,,,,,,,,,,,,,,,,,,,
r,,Kompressormodulation,,,,,433225,,,UIN,10,%,,,,,,,,,,,,,,,,,,,



!include,08.hmu.csv,,,,,,,,,,,,,,,,,,,,,,,,,,,,,,,
