#type,circuit,name,comment,QQ,ZZ,PBSB,ID,field1,part,type/templates,divider/values,unit,comment,field2,part,type/templates,divider/values,unit,comment,field3,part,type/templates,divider/values,unit,comment,field4,part,type/templates,divider/values,unit,comment
# Bartl WP Eco 6S-HG from PR 129
# Globalfunktionen Menü Einstellungen MasterFB (Fachmann),,,,,,,,,,,,,,,,,,,,,,,,,,,,,,,
# Passwort etc.,,,,,,,,,,,,,,,,,,,,,,,,,,,,,,,
*r,globals,,,,15,0621,,,,,,,,,,,,,,,,,,,,,,,,,
r,,parameter_level,Ebene Einsteller 04-043,,,,04ab004a,parameters,,parameter1,,,,status,,status,0=User Level;2=Expert Level,,Abfrage des aktuellen Zugangslevels für die Einsteller,,,,,,,,,,,,
*w,globals,,,,10,0623,,,,,,,,,,,,,,,,,,,,,,,,,
w,,global_passwort,Globales Passwort setzen 256 04-042,,,,04aa0040,password,,UIN,,,256,,,,,,,,,,,,,,,,,,
*[expertlevel],globals,parameter_level,,status,,'Expert Level',,,,,,,,,,,,,,,,,,,,,,,,,
*[userlevel],globals,parameter_level,,status,,'User Level',,,,,,,,,,,,,,,,,,,,,,,,,
# Wärmepumpe Ping für MasterFB Display,,,,,,,,,,,,,,,,,,,,,,,,,,,,,,,
*r,wp_ping,,,,15,0621,,,,,,,,,,,,,,,,,,,,,,,,,
r,,vl_temp_ist,Vorlauftemperatur Wärmeerzeuger 00-007,,,,00870042,parameters,,parameter_temp10,,,,temp,,temp10,,,Wärmeerzeuger Vorlauftemperatur,,,,,,,,,,,,
r,,rl_temp_ist,Rücklauftemperatur Wärmeerzeuger 00-008,,,,00880042,parameters,,parameter_temp10,,,,temp,,temp10,,,Wärmeerzeuger Rücklauftemperatur,,,,,,,,,,,,
r,,wq_temp_out,Wärmequelle Austrittstemperatur 00-070,,,,00c60042,parameters,,parameter_temp10,,,,temp,,temp10,,,Wärmequellen Austrittstemperatur vom Verdampfer,,,,,,,,,,,,
r,,wq_temp_in,Wärmequelle Eintrittstemperatur 00-071,,,,00c70042,parameters,,parameter_temp10,,,,temp,,temp10,,,Wärmequellen Eintrittstemperatur zum Verdampfer,,,,,,,,,,,,
r,,status,Status 02-053,,,,02b50042,parameters,,parameter1,,,,status,,status,0=Abgeschaltet;1=Heizbetrieb;2=Vorlauf Heizbetrieb;3=Extern gesperrt;4=Kühlbetrieb;5=Vorlaufzeit Kühlbetrieb;6=Vorlaufzeit Abtaubetrieb;7=Abtaubetrieb;8=Störung;9=Abtropfen;10=DT Überwachung;11=Abtau Vorheizung;12=Abtauen 1,,WP Status,,,,,,,,,,,,
r,,betriebswahl,Betriebswahl Wärmeerzeuger 09-075,,,,09cb0042,parameters,,parameter1,,,,status,,status,0=Aus;1=Automatik;2=Handbetrieb Heizen;3=Handbetrieb Kühlen;6=Wärmequellenpumpe,,Betriebswahl Wärmeerzeuger,,,,,,,,,,,,
r,,time,Uhrzeit 02-072,,,,02c80042,parameters,,parameter_time,,,,time,,MIN,,,Uhrzeit,,,,,,,,,,,,
r,,at,Aussentemperatur 00-000,,,,00800042,parameters,,parameter_temp10,,,,temp,,temp10,,,Aussentemperatur,,,,,,,,,,,,
r,,wd,Wochentag 02-073,,,,02c90042,parameters,,parameter_wd,,,,day,,BDY,,,Wochentag,,,,,,,,,,,,
# Wärmepumpe Menü Soll-Ist MasterFB,,,,,,,,,,,,,,,,,,,,,,,,,,,,,,,
*r,wp_stat,,,,15,0621,7d,,,,,,,,,,,,,,,,,,,,,,,,
r,,vl_temp_ist,Vorlauftemperatur Wärmeerzeuger 00-007,,,,800002,parameters,,parameter_temp10,,,,temp,,temp10,,,Wärmeerzeuger Vorlauftemperatur,,,,,,,,,,,,
r,,vl_temp_soll,Vorlauftemperatur Sollwert Anforderung Wärmeerzeuger 01-007,,,,810002,parameters,,parameter_temp10,,,,temp,,temp10,,,Berechneter Sollwert für die Wärmeerzeuger Vorlauftemperatur,,,,,,,,,,,,
r,,rl_temp_ist,Rücklauftemperatur Wärmeerzeuger 00-008,,,,820002,parameters,,parameter_temp10,,,,temp,,temp10,,,Wärmeerzeuger Rücklauftemperatur,,,,,,,,,,,,
r,,wq_temp_out,Wärmequelle Austrittstemperatur 00-070,,,,830002,parameters,,parameter_temp10,,,,temp,,temp10,,,Wärmequellen Austrittstemperatur vom Verdampfer,,,,,,,,,,,,
r,,wq_temp_in,Wärmequelle Eintrittstemperatur 00-071,,,,840002,parameters,,parameter_temp10,,,,temp,,temp10,,,Wärmequellen Eintrittstemperatur zum Verdampfer,,,,,,,,,,,,
r,,temp_hg,Heissgastemperatur 00-072,,,,850002,parameters,,parameter_temp10,,,,temp,,temp10,,,Heissgastemperatur im Kältekreis,,,,,,,,,,,,
r,,status,Status 02-053,,,,860002,parameters,,parameter1,,,,status,,status,0=Abgeschaltet;1=Heizbetrieb;2=Vorlauf Heizbetrieb;3=Extern gesperrt;4=Kühlbetrieb;5=Vorlaufzeit Kühlbetrieb;6=Vorlaufzeit Abtaubetrieb;7=Abtaubetrieb;8=Störung;9=Abtropfen;10=DT Überwachung;11=Abtau Vorheizung;12=Abtauen 1,,WP Status,,,,,,,,,,,,
r,,sz_1,Schaltzyklen 02-080,,,,870002,parameters,,parameter2,,,,count,,HCD,,,Einschaltzyklen des Kompressors,,,,,,,,,,,,
r,,bs_1,Betriebsstunden 02-081,,,,880002,parameters,,parameter2,,,,hours,,hcd100,,,Betriebsstunden des Kompressors,,,,,,,,,,,,
r,,bs_2,Betriebsstunden 2. Stufe 02-082,,,,890002,parameters,,parameter2,,,,hours,,hcd100,,,Betriebsstunden des Kompressors 2te Stufe,,,,,,,,,,,,
r,,sz_2,Schaltzyklen 2. Stufe 02-083,,,,8a0002,parameters,,parameter2,,,,count,,HCD,,,Einschaltzyklen des Kompressors 2te Stufe,,,,,,,,,,,,
r,,vl_temp_ww,Vorlauftemperatur separate WW Energiemessung 21-004,,,,8b0002,parameters,,parameter_temp10,,,,temp,,temp10,,,Vorlauftemperatur für die separate Warmwasser Ladeenergiemessung,,,,,,,,,,,,
# Wärmepumpe Einstellungen MasterFB,,,,,,,,,,,,,,,,,,,,,,,,,,,,,,,
*r,wp_param1,,,,15,0621,69,,,,,,,,,,,,,,,,,,,,,,,,
[userlevel]r,,typ,Wärmeerzeuger Typ 09-007,,,,800002,parameters,,parameter1,,,,status,,status,0=kein Wärmeerzeuger aktiv;1=Steuerbarer Wärmeerzeuger ohne Schutzfunktion,,Wärmeerzeuger Typ,,,,,,,,,,,,
[userlevel]r,,betriebswahl,Betriebswahl Wärmeerzeuger 09-075,,,,810002,parameters,,parameter1,,,,status,,status,0=Aus;1=Automatik;2=Handbetrieb Heizen;3=Handbetrieb Kühlen;6=Wärmequellenpumpe,,Betriebswahl Wärmeerzeuger,,,,,,,,,,,,
[userlevel]r,,applikationstyp,Applikationstyp Wärmepumpe 15-006,,,,820002,parameters,,parameter1,,,,status,,status,0=nicht aktiv;1=Sole- oder Wasser-WP;2=Sole- oder Wasser-WP Hochtemperatur;3=Sole- oder Wasser-WP-Tandem;4=Sole- oder Wasser-WP-Tandem mit modulierender zweiter Stufe;5=Sole- oder Wasser-WP-Reversible;6=Sole- oder Wasser-WP-Reversible-Tandem;7=Sole- oder Wasser-WP-Reversible-Tandem mit modulierender zweiter Stufe;8=Luft-WP;9=Luft-WP Hochtemperatur;10=Luft-WP-Tandem;11=Luft-WP-Tandem mit modulierender zweiter Stufe;12=Luft-WP-Reversible;13=Luft-WP-Reversible-Tandem;14=Luft-WP-Reversible-Tandem mit modulierender zweiter Stufe,,Damit kann ein vordefinierter Parametersatz für die Wärmepumpenfunktion geladen werden,,,,,,,,,,,,
# Wärmepumpe Menü Einstellungen MasterFB (Fachmann),,,,,,,,,,,,,,,,,,,,,,,,,,,,,,,
*r,wp_param2,,,,15,0621,69,,,,,,,,,,,,,,,,,,,,,,,,
[expertlevel]r,,ebus_adresse,eBUS Wärmeerzeuger Adresse 04-027,,,,800002,parameters,,parameter1,,,,status,,status,0=kein;11=WE1;12=WE2;13=WE3;14=WE4;15=WE5;22=WE6;23=WE7;24=WE8,,Mit diesem Einsteller kann eine Feuerungsautomat in die Wäremerzeugerfunktion eingebunden werden.,,,,,,,,,,,,
[expertlevel]r,,nachlauf_pumpe,Nachlaufzeit Wärmeerzeuger Pumpe 09-000,,,,810002,parameters,,parameter1,,,,value,,SIN,10,min,Die Wärmeerzeugerpumpe lbiebt nach Abschalten der Wärmeerzeugeranforderung für die hier eingestellte Nachlaufzeit in Betrieb.,,,,,,,,,,,,
[expertlevel]r,,einschaltverzoegerung,Einschaltverzögerung Wärmeerzeuger 09-004,,,,820002,parameters,,parameter1,,,,value,,SIN,10,min,Einschaltverzögerung des Wärmeerzeugers nach einer Wärmeanforderung.,,,,,,,,,,,,
[expertlevel]r,,typ,Wärmeerzeuger Typ 09-007,,,,830002,parameters,,parameter1,,,,status,,status,0=kein Wärmeerzeuger aktiv;1=Steuerbarer Wärmeerzeuger ohne Schutzfunktion,,Wärmeerzeuger Typ,,,,,,,,,,,,
[expertlevel]r,,bedingte_freigabe,Bedingte Freigabe Wärmeerzeuger 09-011,,,,840002,parameters,,parameter1,,,,status,,status,0=Frei;1=Gesperrt;2=TA>BiP;3=TA<BiP,,Mit dieser Einstellung kann eine bedingte Freigabe für den Wärmeerzeuger eingestellt werden.,,,,,,,,,,,,
[expertlevel]r,,atemp_freigabe,Aussentemperatur Freigabe 09-012,,,,850002,parameters,,parameter_temp2,,,,temp,,temp2,,,Mit der Einstellung wird die Aussentemperatur bei der die bedingte Freigabe des Wärmeerzeugers erfolgt bestimmt.,,,,,,,,,,,,
[expertlevel]r,,hand_temp_soll,Solltemperatur Handbetrieb 09-020,,,,860002,parameters,,parameter1,,,,temp,,temp10,,,Sollwert für die Wärmeerzeuger Vorlauftemperatur im Handbetrieb.,,,,,,,,,,,,
[expertlevel]r,,abschaltdifferenz,Abschaltdifferenz Wärmeerzeuger Regelung 09-021,,,,870002,parameters,,parameter_temp10K,,,,temp,,temp10K,,,Wird am WE Vorlauffühler die Temperatur TWVSoll+Einstellwert überschritten schaltet der WE aus.,,,,,,,,,,,,
[expertlevel]r,,stillstand_min,Stillstandszeit minimal Wärmeerzeuger 09-023,,,,880002,parameters,,parameter1,,,,time,,SIN,10,min,Mit dem Einsteller wird die minimale Stillstandszeit nach einer Abschaltung des Wärmeerzeugers eingestellt.,,,,,,,,,,,,
[expertlevel]r,,laufzeit_min,Laufzeit minimal Wärmeerzeuger 09-031,,,,890002,parameters,,parameter1,,,,time,,SIN,10,min,Minimale Laufzeit für den Wärmeerzeuger nach dem Einschalten.,,,,,,,,,,,,
[expertlevel]r,,externe_we_sperre,Externe Wärmeerzeuger Sperre 09-074,,,,8a0002,parameters,,parameter1,,,,status,,status,0=nicht gesperrt;1=gesperrt,,todo 0xffff=Funktion invers is out of possible value range,,,,,,,,,,,,
[expertlevel]r,,betriebswahl,Betriebswahl Wärmeerzeuger 09-075,,,,8b0002,parameters,,parameter1,,,,status,,status,0=Aus;1=Automatik;2=Handbetrieb Heizen;3=Handbetrieb Kühlen;6=Wärmequellenpumpe,,Betriebswahl Wärmeerzeuger,,,,,,,,,,,,
[expertlevel]r,,messwertanpassung_rl,Messwertanpassung WE Rücklauftemperatur 09-079,,,,8c0002,parameters,,parameter_temp10K,,,,temp,,temp10K,,,Mit der Einstellung kann der Messwert der Wärmeerzeuger Rücklauftemperatur angeglichen werden.,,,,,,,,,,,,
[expertlevel]r,,betriebsart_pumpe,Betriebsart Wärmeerzeugerpumpe 09-099,,,,8d0002,parameters,,parameter1,,,,status,,status,0=Ein mit Anforderung;1=Ein mit Wärmeerzeuger,,Freigabe Wärmeerzeugerpumpe mit,,,,,,,,,,,,
[expertlevel]r,,we_vl_temp_max,Maximaltemperatur Wärmeerzeuger Vorlauf 10-031,,,,8e0002,parameters,,parameter_temp10,,,,temp,,temp10,,,Wird die maximale WE Temperatur überschritten wird der WE unbedingt abgeschaltet.,,,,,,,,,,,,
[expertlevel]r,,einschaltdiff_maxab,Einschaltdifferenz Maximaltemperaturabschaltung 10-037,,,,8f0002,parameters,,parameter_temp10,,,,temp,,temp10,,,Bei einer TWVmax Abschaltung ist immer diese eingesteltte Hysterese für die Wiedereinschaltung wirksam.,,,,,,,,,,,,
[expertlevel]r,,applikationstyp,Applikationstyp Wärmepumpe 15-006,,,,900002,parameters,,parameter1,,,,status,,status,0=nicht aktiv;1=Sole- oder Wasser-WP;2=Sole- oder Wasser-WP Hochtemperatur;3=Sole- oder Wasser-WP-Tandem;4=Sole- oder Wasser-WP-Tandem mit modulierender zweiter Stufe;5=Sole- oder Wasser-WP-Reversible;6=Sole- oder Wasser-WP-Reversible-Tandem;7=Sole- oder Wasser-WP-Reversible-Tandem mit modulierender zweiter Stufe;8=Luft-WP;9=Luft-WP Hochtemperatur;10=Luft-WP-Tandem;11=Luft-WP-Tandem mit modulierender zweiter Stufe;12=Luft-WP-Reversible;13=Luft-WP-Reversible-Tandem;14=Luft-WP-Reversible-Tandem mit modulierender zweiter Stufe,,Damit kann ein vordefinierter Parametersatz für die Wärmepumpenfunktion geladen werden,,,,,,,,,,,,
[expertlevel]r,,heissgas_temp_max,Heissgas Maximaltemperatur 15-010,,,,910002,parameters,,parameter_temp10,,,,temp,,temp10,,,Übersteigt die Heissgastemperatur den Einstellwert wird der Verdichter sofort abgeschaltet und eine Heissgasstörung ausgelöst.,,,,,,,,,,,,
[expertlevel]r,,kondensator_fluss_min,Minimaler Kondensator Durchfluss 15-011,,,,920002,parameters,,parameter1,,,,value,,SIN,10,,,,,,,,,,,,,,
[expertlevel]r,,stillstand_quelle,Stillstandszeit Quellenpumpe bei Passivkühlbetrieb 15-020,,,,930002,parameters,,parameter1,,,,time,,UIN,,min,,,,,,,,,,,,,
[expertlevel]r,,nachlauf_quelle,Nachlaufzeit Quellenpumpe 15-021,,,,940002,parameters,,parameter1,,,,time,,UIN,10,min,,,,,,,,,,,,,
[expertlevel]r,,frostschutz_wq_out,Frostschutztemperatur Wärmequelle Austritt 15-022,,,,950002,parameters,,parameter_temp10,,,,temp,,temp10,,,,,,,,,,,,,,,
[expertlevel]r,,zyklus_taktbetrieb_quelle,Zykluszeit Taktbetrieb Wärmequellenpumpe 15-023,,,,960002,parameters,,parameter1,,,,time,,UIN,,min,,,,,,,,,,,,,
[expertlevel]r,,offset_ab_quellenfs,Abschaltoffset Quellenfrostschutz 15-025,,,,970002,parameters,,parameter1,,,,temp,,UIN,10,K,,,,,,,,,,,,,
[expertlevel]r,,frostschutz_wq_in,Frostschutztemperatur Wärmequellen Eintritt 15-031,,,,980002,parameters,,parameter1,,,,temp,,temp10,,,,,,,,,,,,,,,
#[expertlevel]r,,verzoegerung_nd_stoerung1,Verzögerung Niederdruckstörung? 15-037,,,,990002,parameters,,parameter1,,,,time,,UIN,2,min,,,,,,,,,,,,,
[expertlevel]r,,verzoegerung_nd_stoerung1,Verzögerung Niederdruckstörung 15-046,,,,9a0002,parameters,,parameter1,,,,time,,UIN,2,min,,,,,,,,,,,,,
[expertlevel]r,,frostschwelle_pumpe,Frosttemperaturschwelle Wärmeerzeugerpumpe 15-048,,,,9b0002,parameters,,parameter1,,,,temp,,SIN,2,°C,,,,,,,,,,,,,
[expertlevel]r,,messwertanpassung_wq_out,Messwertanpassung Quellenaustrittstemperatur 15-060,,,,9c0002,parameters,,parameter_temp10,,,,temp,,SIN,10,K,,,,,,,,,,,,,
[expertlevel]r,,konfig_wqdruck_stoerung,Konfiguration Quellendruck Störung 15-070,,,,9d0002,parameters,,parameter1,,,,status,,SIN,,,,,,,,,,,,,,,
[expertlevel]r,,konfig_wqmotor_stoerung,Konfiguration Motorschutz Quellenpumpe Störung 15-071,,,,9e0002,parameters,,parameter1,,,,status,,SIN,,,,,,,,,,,,,,,
[expertlevel]r,,konfig_verdmotor_stoerung,Konfiguration Motorschutz Verdichter Störung 15-072,,,,9f0002,parameters,,parameter1,,,,status,,SIN,,,,,,,,,,,,,,,
[expertlevel]r,,konfig_hd_störung,Konfiguration Hochdruck Störung 15-075,,,,a00002,parameters,,parameter1,,,,status,,SIN,,,,,,,,,,,,,,,
[expertlevel]r,,konfig_nd_störung,Konfiguration Niederdruck Störung 15-076,,,,a10002,parameters,,parameter1,,,,status,,SIN,,,,,,,,,,,,,,,
[expertlevel]r,,konfig_wq_frostschutz_stoerung,Konfiguration Wärmequellen Frostschutz Störung 15-077,,,,a20002,parameters,,parameter1,,,,status,,UIN,,,,,,,,,,,,,,,
[expertlevel]r,,konfig_kondens_frostschutz_stoerung,Konfiguration Kondensator Frostschutz Störung 15-079,,,,a30002,parameters,,parameter1,,,,status,,UIN,,,,,,,,,,,,,,,
[expertlevel]r,,konfig_heissgas_abschaltung,Konfiguration Heissgasabschaltung 15-083,,,,a40002,parameters,,parameter1,,,,status,,UIN,,,,,,,,,,,,,,,
[expertlevel]r,,konfig_kondens_durchfluss_stoerung,Konfiguration Kondensator Durchfluss Störung 15-085,,,,a50002,parameters,,parameter1,,,,status,,UIN,,,,,,,,,,,,,,,
[expertlevel]r,,temp_frostschutz_passivkuehl,Frostschutztemperatur Passiv Kühlbetrieb 15-090,,,,a60002,parameters,,parameter_temp10,,,,temp,,temp10,,,,,,,,,,,,,,,
[expertlevel]r,,konfig_durchflusssensor,Konfiguration Durchflusssensor 17-007,,,,a70002,parameters,,parameter1,,,,status,,status,,,,,,,,,,,,,,,
[expertlevel]r,,durchfluss_heizbetrieb,Durchfluss Heizbetrieb 17-008,,,,a80002,parameters,,parameter1,,,,value,,UIN,10,l/min,,,,,,,,,,,,,
[expertlevel]r,,durchfluss_ww,Durchfluss Warmwasser Ladung 17-009,,,,a90002,parameters,,parameter1,,,,value,,UIN,10,l/min,,,,,,,,,,,,,
[expertlevel]r,,korr_faktor_leistung,Korrekturfaktor Leistung 17-012,,,,aa0002,parameters,,parameter1,,,,value,,UIN,,%,,,,,,,,,,,,,
[expertlevel]r,,konfig_durchlusssensor_ww,Konfiguration Durchflusssensor Warmwasserbetrieb 17-014,,,,ab0002,parameters,,parameter1,,,,status,,status,,,,,,,,,,,,,,,
[expertlevel]r,,korr_faktor_ww,Korrekturfaktor Leistung Warmwasserbetrieb 17-015,,,,ac0002,parameters,,parameter1,,,,value,,UIN,,%,,,,,,,,,,,,,
[expertlevel]r,,druchfluss_sep_ww,Durchfluss separate Warmwasser Ladung 17-016,,,,ad0002,parameters,,parameter1,,,,value,,UIN,10,l/min,,,,,,,,,,,,,
[expertlevel]r,,wep_anteil_cop,WEP Leistungsanteil für COP Bestimmung 17-017,,,,ae0002,parameters,,parameter1,,,,value,,SIN,100,kW,,,,,,,,,,,,,
[expertlevel]r,,wqp_anteil_cop,WQP Leistungsanteil für COP Bestimmung 17-018,,,,af0002,parameters,,parameter1,,,,value,,SIN,100,kW,,,,,,,,,,,,,
# Wärmepumpe Relaisausgänge,,,,,,,,,,,,,,,,,,,,,,,,,,,,,,,
*r,wp_relais1,,,,15,0621,7b,,,,,,,,,,,,,,,,,,,,,,,,
[userlevel]r,,verdichter,Verdichter 01-076,,,,800002,parameters,,parameter1,,,,status,,status,,,Stellgröße für eine Warmwasser Zirkulationspumpe,,,,,,,,,,,,
[userlevel]r,,umlenkventil_passivkuehl,Umlenkventil Passiv Kühlung 01-086,,,,810002,parameters,,parameter1,,,,status,,status,,,Stellgröße für eine Warmwasser Ladepumpe oder Umlenkventil,,,,,,,,,,,,
# Wärmepumpe Relaisausgänge (Fachmann),,,,,,,,,,,,,,,,,,,,,,,,,,,,,,,
*r,wp_relais2,,,,15,0621,7b,,,,,,,,,,,,,,,,,,,,,,,,
[expertlevel]r,,we_pumpe,Pumpe Wärmeerzeuger 01-022,,,,800002,parameters,,parameter1,,,,status,,status,,,Stellgröße für eine Warmwasser-Zusatzheizung,,,,,,,,,,,,
[expertlevel]r,,verdichter,Verdichter 01-076,,,,810002,parameters,,parameter1,,,,status,,status,,,Stellgröße für eine Warmwasser Zirkulationspumpe,,,,,,,,,,,,
[expertlevel]r,,wq_pumpe,Pumpe Wärmequelle 01-077,,,,820002,parameters,,parameter1,,,,status,,status,,,,,,,,,,,,,,,
[expertlevel]r,,umlenkventil_passivkuehl,Umlenkventil Passiv Kühlung 01-086,,,,830002,parameters,,parameter1,,,,status,,status,,,Stellgröße für eine Warmwasser Ladepumpe oder Umlenkventil,,,,,,,,,,,,
# Warmwasser Ping für MasterFB Display,,,,,,,,,,,,,,,,,,,,,,,,,,,,,,,
*r,ww_ping,,,,15,0621,,,,,,,,,,,,,,,,,,,,,,,,,
r,,temp_ist,Warmwassertemperatur 00-004,,,,0084004e,parameters,,parameter1,,,,temp,,temp10,,,Obere Warmwasserspeichertemperatur,,,,,,,,,,,,
# Warmwasser Zeitprogramme,,,,,,,,,,,,,,,,,,,,,,,,,,,,,,,
*r,ww_timeprogramm,,,,15,0622,05,,,,,,,,,,,,,,,,,,,,,,,,
r,,tp0_ww,Zeitprogramm Warmwasser Teil 1,,,,bd004e,mode,,tp_mode,,,,,,,,,,,,,,,,,,,,,
r,,tp1_ww,Zeitprogramm Warmwasser Teil 2,,,,bd014e,schedule,,tp_20h,,,,,,,,,,,,,,,,,,,,,
r,,tp2_ww,Zeitprogramm Warmwasser Teil 3,,,,bd024e,schedule,,tp_20h,,,,,,,,,,,,,,,,,,,,,
r,,tp3_ww,Zeitprogramm Warmwasser Teil 4,,,,bd034e,schedule,,tp_20h,,,,,,,,,,,,,,,,,,,,,
r,,tp4_ww,Zeitprogramm Warmwasser Teil 5,,,,bd044e,schedule,,tp_20h,,,,,,,,,,,,,,,,,,,,,
r,,tp5_ww,Zeitprogramm Warmwasser Teil 6,,,,bd054e,schedule,,tp_20h,,,,,,,,,,,,,,,,,,,,,
r,,tp6_ww,Zeitprogramm Warmwasser Teil 7,,,,bd064e,schedule,,tp_20h,,,,,,,,,,,,,,,,,,,,,
r,,tp7_ww,Zeitprogramm Warmwasser Teil 8,,,,bd074e,schedule,,tp_20h,,,,,,,,,,,,,,,,,,,,,
r,,tp8_ww,Zeitprogramm Warmwasser Teil 9,,,,bd084e,schedule,,tp_20h,,,,,,,,,,,,,,,,,,,,,
r,,tp9_ww,Zeitprogramm Warmwasser Teil 10,,,,bd094e,schedule,,tp_8h,,,,,,,,,,,,,,,,,,,,,
r,,tp0_zirk,Zeitprogramm Zirkulation Teil 1,,,,c0004e,mode,,tp_mode,,,,,,,,,,,,,,,,,,,,,
r,,tp1_zirk,Zeitprogramm Zirkulation Teil 2,,,,c0014e,schedule,,tp_20h,,,,,,,,,,,,,,,,,,,,,
r,,tp2_zirk,Zeitprogramm Zirkulation Teil 3,,,,c0024e,schedule,,tp_20h,,,,,,,,,,,,,,,,,,,,,
r,,tp3_zirk,Zeitprogramm Zirkulation Teil 4,,,,c0034e,schedule,,tp_20h,,,,,,,,,,,,,,,,,,,,,
r,,tp4_zirk,Zeitprogramm Zirkulation Teil 5,,,,c0044e,schedule,,tp_20h,,,,,,,,,,,,,,,,,,,,,
r,,tp5_zirk,Zeitprogramm Zirkulation Teil 6,,,,c0054e,schedule,,tp_20h,,,,,,,,,,,,,,,,,,,,,
r,,tp6_zirk,Zeitprogramm Zirkulation Teil 7,,,,c0064e,schedule,,tp_20h,,,,,,,,,,,,,,,,,,,,,
r,,tp7_zirk,Zeitprogramm Zirkulation Teil 8,,,,c0074e,schedule,,tp_20h,,,,,,,,,,,,,,,,,,,,,
r,,tp8_zirk,Zeitprogramm Zirkulation Teil 9,,,,c0084e,schedule,,tp_20h,,,,,,,,,,,,,,,,,,,,,
r,,tp9_zirk,Zeitprogramm Zirkulation Teil 10,,,,c0094e,schedule,,tp_8h,,,,,,,,,,,,,,,,,,,,,
r,,tp0_legio,Zeitprogramm Legionellen Teil 1,,,,be004e,mode,,tp_mode,,,,,,,,,,,,,,,,,,,,,
r,,tp1_legio,Zeitprogramm Legionellen Teil 2,,,,be014e,schedule,,tp_20h,,,,,,,,,,,,,,,,,,,,,
r,,tp2_legio,Zeitprogramm Legionellen Teil 3,,,,be024e,schedule,,tp_20h,,,,,,,,,,,,,,,,,,,,,
r,,tp3_legio,Zeitprogramm Legionellen Teil 4,,,,be034e,schedule,,tp_20h,,,,,,,,,,,,,,,,,,,,,
r,,tp4_legio,Zeitprogramm Legionellen Teil 5,,,,be044e,schedule,,tp_20h,,,,,,,,,,,,,,,,,,,,,
r,,tp5_legio,Zeitprogramm Legionellen Teil 6,,,,be054e,schedule,,tp_20h,,,,,,,,,,,,,,,,,,,,,
r,,tp6_legio,Zeitprogramm Legionellen Teil 7,,,,be064e,schedule,,tp_20h,,,,,,,,,,,,,,,,,,,,,
r,,tp7_legio,Zeitprogramm Legionellen Teil 8,,,,be074e,schedule,,tp_20h,,,,,,,,,,,,,,,,,,,,,
r,,tp8_legio,Zeitprogramm Legionellen Teil 9,,,,be084e,schedule,,tp_20h,,,,,,,,,,,,,,,,,,,,,
r,,tp9_legio,Zeitprogramm Legionellen Teil 10,,,,be094e,schedule,,tp_8h,,,,,,,,,,,,,,,,,,,,,
r,,tp_ww,Zeitprogramm Warmwasser,,,,bd004e;bd014e;bd024e;bd034e;bd044e;bd054e;bd064e;bd074e;bd084e;bd094e,all,,tp_all,,,,,,,,,,,,,,,,,,,,,
r,,tp_zirk,Zeitprogramm Zirkulation,,,,c0004e;c0014e;c0024e;c0034e;c0044e;c0054e;c0064e;c0074e;c0084e;c0094e,all,,tp_all,,,,,,,,,,,,,,,,,,,,,
r,,tp_legio,Zeitprogramm Legionellen,,,,be004e;be014e;be024e;be034e;be044e;be054e;be064e;be074e;be084e;be094e,all,,tp_all,,,,,,,,,,,,,,,,,,,,,
# Warmwasser Menü Soll-Ist MasterFB,,,,,,,,,,,,,,,,,,,,,,,,,,,,,,,
*r,ww_stat,,,,15,0621,79,,,,,,,,,,,,,,,,,,,,,,,,
r,,temp_ist,Warmwassertemperatur 00-004,,,,80000e,parameters,,parameter_temp10,,,,temp,,temp10,,,Obere Warmwasserspeichertemperatur,,,,,,,,,,,,
r,,temp_soll_calc,Warmwassertemperatur Sollwert 01-004,,,,81000e,parameters,,parameter_temp10,,,,temp,,temp10,,,Berechneter Sollwert für die Warmwassertemperatur,,,,,,,,,,,,
r,,status,Status Warmwasserregelung 02-052,,,,82000e,parameters,,parameter1,,,,temp,,status,0=Abgeschaltet;1=Normal Ladebetrieb;2=Komfort Ladebetrieb;3=Zwangsdrosselung;4=Zwangsladung;5=Störung,,Zustand Warmwasserregelung,,,,,,,,,,,,
# Warmwasser Menü Einstellungen MasterFB,,,,,,,,,,,,,,,,,,,,,,,,,,,,,,,
*r,ww_param1,,,,15,0621,65,,,,,,,,,,,,,,,,,,,,,,,,
[userlevel]r,,betriebswahl,Betriebswahl Warmwasser 05-050,,,,80000e,parameters,,parameter1,,,,status,,status,0=keine Ladung;1=Automatik;2=Normaltemperatur;5=Gemäß Fühlerkreis,,Betriebswahl Warmwasserfunktion,,,,,,,,,,,,
[userlevel]r,,temp_soll,Normal Warmwassertemperatur 05-051,,,,81000e,parameters,,parameter_temp10,,,,temp,,temp10,,,Mit dieser Einstellung wird der Warmwasser Sollwert eingestellt,,,,,,,,,,,,
[userlevel]r,,applikationstyp,Applikationstyp Warmwasserbereitung 05-076,,,,82000e,parameters,,parameter1,,,,status,,status,0=nicht aktiv;1=mit Ladepumpe;2=mit Umlenkventil;3=mit Ladepumpe und Zirkulationspumpe;4=mit Umlenkventil und Zirkulationspumpe,,Mit dieser Einstellung kann ein entsprechend definierter Applikationstyp vorgewählt werden,,,,,,,,,,,,
# Warmwasser Menü Einstellungen MasterFB (Fachmann),,,,,,,,,,,,,,,,,,,,,,,,,,,,,,,
*r,ww_param2,,,,15,0621,65,,,,,,,,,,,,,,,,,,,,,,,,
*w,ww_param2,,,,10,0623,65,,,,,,,,,,,,,,,,,,,,,,,,
[expertlevel]r,,zone_ferien,Ferien Zonenzuordnung 03-092,,,,80000e,parameters,,parameter1,,,,status,,status,,,Nutzung des lokalen Ferienprogramms oder das eines bestehenden Heizkreises,,,,,,,,,,,,
[expertlevel]r,,zone_timer,Timer Zonenzuordnung 03-093,,,,81000e,parameters,,parameter1,,,,status,,status,,,Nutzung der lokalen Timerfunktionen oder die eines bestehenden Heizkreises,,,,,,,,,,,,
[expertlevel]r,,zone_betriebswahl,Betriebswahl Zonenzuordnung 03-094,,,,82000e,parameters,,parameter1,,,,status,,status,,,Nutzung der lokalen Betriebswahl oder die eines bestehenden Heizkreises,,,,,,,,,,,,
[expertlevel]r,,zone_zeitprogramm,Zeitprogramm Zonenzuordnung 03-095,,,,83000e,parameters,,parameter1,,,,status,,status,,,Nutzung des lokalen Zeitprogramms oder das eines bestehenden Heizkreises,,,,,,,,,,,,
[expertlevel]r,,einschaltdifferenz,Einschaltdifferenz Warmwasserbereitung 05-000,,,,84000e,parameters,,parameter_temp10K,,,,temp,,SIN,10,K,Unterschreitet die Warmwassertemperatur ihren Sollwert um den hier eingestellten Wert wird eine Warmwasserladung gestartet,,,,,,,,,,,,
[expertlevel]r,,ueberhoehung,Überhöhung Ladesollwert 05-001,,,,85000e,parameters,,parameter_temp10K,,,,temp,,SIN,10,K,Mit diesem Einsteller kann eine Überhöhung für den Ladesollwert eingestellt werden,,,,,,,,,,,,
[expertlevel]r,,ladevorrang,Warmwasser Ladevorrang 05-002,,,,86000e,parameters,,parameter1,,,,time,,SIN,10,h,Mit dieser Einstellung kann der Ladevorrang eingestellt werden,,,,,,,,,,,,
[expertlevel]r,,nachlauf_ladepumpe,Nachlaufzeit Warmwasserladepumpe 05-003,,,,87000e,parameters,,parameter1,,,,time,,SIN,10,min,Nach erfolgter Warmwasserladung läuft die Ladepumpe um die hier eingestellte Zeit nach,,,,,,,,,,,,
[expertlevel]r,,legio,Legionellenschutztemperatur 05-004,,,,88000e,parameters,,parameter_temp10,,,,temp,,temp10,,,Mit dem Einsteller wird die Legionellenschutz- bzw. die Komfort Warmwassertemperatur gewählt,,,,,,,,,,,,
[expertlevel]r,,modus_ladepumpennachlauf,Modus Ladepumpennachlauf 05-005,,,,89000e,parameters,,parameter1,,,,status,,status,0=Zeitabhängig;1=Temperaturabhängig;2=Wärmeerzeugerabhängig,,Wahl des Modus für die Ladepumpensteuerung,,,,,,,,,,,,
[expertlevel]r,,zirkulationspumpe,Zirkulationspumpe 05-006,,,,8a000e,parameters,,parameter1,,,,status,,status,0=inaktiv;1=nach Zeitprogramm,,Mit der Einstellung kann die Zirkulationspumpenfunktion aktiviert werden,,,,,,,,,,,,
[expertlevel]w,,setzirkulationspumpe,Zirkulationspumpe 05-006,,,,8a000e,zirkstatus,,status,,,,,,,,,,,,,,,,,,,,,
[expertlevel]r,,pumpenanforderung,Pumpenanforderung Warmwasserladung 05-007,,,,8b000e,parameters,,parameter1,,,,status,,status,0=inaktiv;1=Heizkreispumpe aktiv,,Mit dem Einsteller kann die Heizkreispumpe für die Warmwasserladung aktiviert werden,,,,,,,,,,,,
[expertlevel]r,,temp_freigabe_nachladung,Freigabetemperatur Nachladung 05-010,,,,8c000e,parameters,,parameter_temp10,,,,temp,,temp10,,,Ist die WW-Temperatur höher als die eingestelllte Nachladetemperatur wird die Ladeanforderung an die zentrale WE-Anlage abgeschaltet und eine WW-interne Ladung eingeschaltet,,,,,,,,,,,,
[expertlevel]r,,modus_wwladung,Modus Warmwasserladung 05-011,,,,8d000e,parameters,,parameter1,,,,status,,status,0=Aus;1=Standard;3=WW-Sollwert;4=Thermostat;5=Ladung lokal;6=Nachheizung,,Einstellung Warmwassermodus,,,,,,,,,,,,
[expertlevel]r,,reduktion_temp_error,Reduktion Warmwassersollwert im Störfall 05-013,,,,8e000e,parameters,,parameter1,,,,temp,,SIN,2,K,Bei einer Wärmeerzeugerstörung wird der Warmwassersollwert um den hier eingestellten Wert reduziert,,,,,,,,,,,,
[expertlevel]r,,energiezwangzahl,Energiezwangzahl 05-039,,,,8f000e,parameters,,parameter1,,,,status,,status,0=kein;1=negativ;2=positiv;3=beide,,Mit der Einstellung kann die Reaktion des Warmwasserkreises auf Energiezwang eingestellt werden,,,,,,,,,,,,
[expertlevel]r,,fehlerdauer,Fehlerdauer Warmwasser Störung 05-040,,,,90000e,parameters,,parameter1,,,,hours,,SIN,10,h,Unterschreitet die Warmwassertemperatur den Sollwert länger als die hier eingestellte Zeit um mehr als 5K wird eine Störmeldung generiert. 0=keine Störmeldung,,,,,,,,,,,,
[expertlevel]r,,betriebswahl,Betriebswahl Warmwasser 05-050,,,,91000e,parameters,,parameter1,,,,status,,status,0=keine Ladung;1=Automatik;2=Normaltemperatur;5=Gemäß Fühlerkreis,,Betriebswahl Warmwasserfunktion,,,,,,,,,,,,
[expertlevel]r,,temp_soll,Normal Warmwassertemperatur 05-051,,,,92000e,parameters,,parameter_temp10,,,,temp,,temp10,,,Mit dieser Einstellung wird der Warmwasser Sollwert eingestellt,,,,,,,,,,,,
[expertlevel]w,,settemp_soll,Normal Warmwassertemperatur 05-051,,,,92000e,ww_temp,,temp10,,,,,,,,,,,,,,,,,,,,,
[expertlevel]r,,temp_maxgrenze,Maximale Warmwasser Sollwertbegrenzung 05-057,,,,93000e,parameters,,parameter1,,,,temp,,UIN,,°C,Mit diesem Einsteller kann der Einstellbereich der Warmwasser Solltemperatur (05-051) begrenzt werden.,,,,,,,,,,,,
[expertlevel]r,,applikationstyp,Applikationstyp Warmwasserbereitung 05-076,,,,94000e,parameters,,parameter1,,,,status,,status,0=nicht aktiv;1=mit Ladepumpe;2=mit Umlenkventil;3=mit Ladepumpe und Zirkulationspumpe;4=mit Umlenkventil und Zirkulationspumpe,,Mit dieser Einstellung kann ein entsprechend definierter Applikationstyp vorgewählt werden,,,,,,,,,,,,
[expertlevel]r,,ladedauer_max,Maximale Warmwasser Ladedauer 05-081 (Prüfen!),,,,95000e,parameters,,parameter1,,,,hours,,SIN,2,h,Wird die eingestellte Maximalladedauer überschritten wird der Ladevorgang unterbrochen und erst wieder gestartet wenn die Einschaltdifferenz (05-000) zur aktuellen Warmwassertemperatur überschritten wird.,,,,,,,,,,,,
[expertlevel]r,,nachladedauer_max,Maximale Nachladedauer bei Ladungsabbruch 05-082 (Prüfen!),,,,96000e,parameters,,parameter1,,,,hours,,SIN,2,h,Wird bei Warmwassermode (05-011) 6 oder 7 die Nachladung aktiviert kann diese mit der maximalen Nachladezeit nach der hier eingestellten Zeit beendet werden. Bei Einstellung 0 wird die Nachladung gar nicht aktiviert.,,,,,,,,,,,,
# Warmwasser Relaisausgänge,,,,,,,,,,,,,,,,,,,,,,,,,,,,,,,
*r,ww_relais,,,,15,0621,76,,,,,,,,,,,,,,,,,,,,,,,,
r,,ladungsanforderung,Warmwasser Ladungsanforderung 01-054,,,,80000e,parameters,,parameter1,,,,status,,status,,,Stellgröße für eine Warmwasser-Zusatzheizung,,,,,,,,,,,,
r,,zirkulationspumpe,Warmwasser Zirkulationspumpe 01-065,,,,81000e,parameters,,parameter1,,,,status,,status,,,Stellgröße für eine Warmwasser Zirkulationspumpe,,,,,,,,,,,,
r,,ladungspumpe,Warmwasser Ladepumpe 01-066,,,,82000e,parameters,,parameter1,,,,status,,status,,,Stellgröße für eine Warmwasser Ladepumpe oder Umlenkventil,,,,,,,,,,,,
# Heizkreis Ping für MasterFB Display,,,,,,,,,,,,,,,,,,,,,,,,,,,,,,,
*r,hk_ping,,,,15,0621,,,,,,,,,,,,,,,,,,,,,,,,,
r,,at,Aussentemperatur 00-000,,,,0080004a,parameters,,parameter_temp10,,,,temp,,temp10,,,Aussentemperatur,,,,,,,,,,,,
r,,raumtemp,Raumtemperatur 00-001,,,,0081004a,parameters,,parameter_temp10,,,,temp,,temp10,,,Raumtemperatur eines Heizkreises,,,,,,,,,,,,
r,,vl_temp_ist,Heizkreis Vorlauftemperatur 00-002,,,,0082004a,parameters,,parameter_temp10,,,,temp,,temp10,,,Vorlauftemperatur eines Heizkreises,,,,,,,,,,,,
r,,time,Uhrzeit 02-072,,,,02c8004a,parameters,,parameter1,,,,time,,MIN,,,Uhrzeit,,,,,,,,,,,,
r,,wd,Wochentag 02-073,,,,02c9004a,parameters,,parameter_wd,,,,day,,BDY,,,Wochentag,,,,,,,,,,,,
r,,status,HK Staus Heizkreisregelung 02-051,,,,02b3004a,parameters,,parameter1,,,,status,,status,0=Abgeschaltet;1=Normal Heizbetrieb;3=Spar Heizbetrieb;4=Frostschutzbetrieb;5=Zwangsabnahme;6=Zwangsdrosselung;7=Ferienbetrieb;8=Partybetrieb;9=Normal Kühlbetrieb;11=Spar Kühlbetrieb;12=Störung;13=Handbetrieb;14=Schutz Kühlbetrieb;15=Partybetrieb Kühlen;16=Austrocknung Aufheizphase;17=Austrocknung Stationärphase;18=Austrocknung Abkühlphase;19=Austrocknung Endphase,,Zustand Heizkreisregelung,,,,,,,,,,,,
# Heizkreis Zeitprogramme,,,,,,,,,,,,,,,,,,,,,,,,,,,,,,,
*r,hk_timeprogramm,,,,15,0622,03,,,,,,,,,,,,,,,,,,,,,,,,
r,,tp0_hzg1,Zeitprogramm Heizung 1 Teil 1,,,,bd004a,mode,,tp_mode,,,,,,,,,,,,,,,,,,,,,
r,,tp1_hzg1,Zeitprogramm Heizung 1 Teil 2,,,,bd014a,schedule,,tp_20h,,,,,,,,,,,,,,,,,,,,,
r,,tp2_hzg1,Zeitprogramm Heizung 1 Teil 3,,,,bd024a,schedule,,tp_20h,,,,,,,,,,,,,,,,,,,,,
r,,tp3_hzg1,Zeitprogramm Heizung 1 Teil 4,,,,bd034a,schedule,,tp_20h,,,,,,,,,,,,,,,,,,,,,
r,,tp4_hzg1,Zeitprogramm Heizung 1 Teil 5,,,,bd044a,schedule,,tp_20h,,,,,,,,,,,,,,,,,,,,,
r,,tp5_hzg1,Zeitprogramm Heizung 1 Teil 6,,,,bd054a,schedule,,tp_20h,,,,,,,,,,,,,,,,,,,,,
r,,tp6_hzg1,Zeitprogramm Heizung 1 Teil 7,,,,bd064a,schedule,,tp_20h,,,,,,,,,,,,,,,,,,,,,
r,,tp7_hzg1,Zeitprogramm Heizung 1 Teil 8,,,,bd074a,schedule,,tp_20h,,,,,,,,,,,,,,,,,,,,,
r,,tp8_hzg1,Zeitprogramm Heizung 1 Teil 9,,,,bd084a,schedule,,tp_20h,,,,,,,,,,,,,,,,,,,,,
r,,tp9_hzg1,Zeitprogramm Heizung 1 Teil 10,,,,bd094a,schedule,,tp_8h,,,,,,,,,,,,,,,,,,,,,
r,,tp0_hzg2,Zeitprogramm Heizung 2 Teil 1,,,,be004a,mode,,tp_mode,,,,,,,,,,,,,,,,,,,,,
r,,tp1_hzg2,Zeitprogramm Heizung 2 Teil 2,,,,be014a,schedule,,tp_20h,,,,,,,,,,,,,,,,,,,,,
r,,tp2_hzg2,Zeitprogramm Heizung 2 Teil 3,,,,be024a,schedule,,tp_20h,,,,,,,,,,,,,,,,,,,,,
r,,tp3_hzg2,Zeitprogramm Heizung 2 Teil 4,,,,be034a,schedule,,tp_20h,,,,,,,,,,,,,,,,,,,,,
r,,tp4_hzg2,Zeitprogramm Heizung 2 Teil 5,,,,be044a,schedule,,tp_20h,,,,,,,,,,,,,,,,,,,,,
r,,tp5_hzg2,Zeitprogramm Heizung 2 Teil 6,,,,be054a,schedule,,tp_20h,,,,,,,,,,,,,,,,,,,,,
r,,tp6_hzg2,Zeitprogramm Heizung 2 Teil 7,,,,be064a,schedule,,tp_20h,,,,,,,,,,,,,,,,,,,,,
r,,tp7_hzg2,Zeitprogramm Heizung 2 Teil 8,,,,be074a,schedule,,tp_20h,,,,,,,,,,,,,,,,,,,,,
r,,tp8_hzg2,Zeitprogramm Heizung 2 Teil 9,,,,be084a,schedule,,tp_20h,,,,,,,,,,,,,,,,,,,,,
r,,tp9_hzg2,Zeitprogramm Heizung 2 Teil 10,,,,be094a,schedule,,tp_8h,,,,,,,,,,,,,,,,,,,,,
r,,tp0_hzg3,Zeitprogramm Heizung 3 Teil 1,,,,bf004a,mode,,tp_mode,,,,,,,,,,,,,,,,,,,,,
r,,tp1_hzg3,Zeitprogramm Heizung 3 Teil 2,,,,bf014a,schedule,,tp_20h,,,,,,,,,,,,,,,,,,,,,
r,,tp2_hzg3,Zeitprogramm Heizung 3 Teil 3,,,,bf024a,schedule,,tp_20h,,,,,,,,,,,,,,,,,,,,,
r,,tp3_hzg3,Zeitprogramm Heizung 3 Teil 4,,,,bf034a,schedule,,tp_20h,,,,,,,,,,,,,,,,,,,,,
r,,tp4_hzg3,Zeitprogramm Heizung 3 Teil 5,,,,bf044a,schedule,,tp_20h,,,,,,,,,,,,,,,,,,,,,
r,,tp5_hzg3,Zeitprogramm Heizung 3 Teil 6,,,,bf054a,schedule,,tp_20h,,,,,,,,,,,,,,,,,,,,,
r,,tp6_hzg3,Zeitprogramm Heizung 3 Teil 7,,,,bf064a,schedule,,tp_20h,,,,,,,,,,,,,,,,,,,,,
r,,tp7_hzg3,Zeitprogramm Heizung 3 Teil 8,,,,bf074a,schedule,,tp_20h,,,,,,,,,,,,,,,,,,,,,
r,,tp8_hzg3,Zeitprogramm Heizung 3 Teil 9,,,,bf084a,schedule,,tp_20h,,,,,,,,,,,,,,,,,,,,,
r,,tp9_hzg3,Zeitprogramm Heizung 3 Teil 10,,,,bf094a,schedule,,tp_8h,,,,,,,,,,,,,,,,,,,,,
r,,tp_hzg1,Zeitprogramm Heizung 1,,,,bd004a;bd014a;bd024a;bd034a;bd044a;bd054a;bd064a;bd074a;bd084a;bd094a,all,,tp_all,,,,,,,,,,,,,,,,,,,,,
r,,tp_hzg2,Zeitprogramm Heizung 2,,,,be004a;be014a;be024a;be034a;be044a;be054a;be064a;be074a;be084a;be094a,all,,tp_all,,,,,,,,,,,,,,,,,,,,,
r,,tp_hzg3,Zeitprogramm Heizung 3,,,,bf004a;bf014a;bf024a;bf034a;bf044a;bf054a;bf064a;bf074a;bf084a;bf094a,all,,tp_all,,,,,,,,,,,,,,,,,,,,,
# Heizkreis Menü Soll-Ist MasterFB,,,,,,,,,,,,,,,,,,,,,,,,,,,,,,,
*r,hk_stat,,,,15,0621,77,,,,,,,,,,,,,,,,,,,,,,,,
r,,at,Aussentemperatur 00-000,,,,80000a,parameters,,parameter_temp10,,,,temp,,temp10,,,HK Aussentemperatur,,,,,,,,,,,,
r,,raumtemp_soll,Raumtemperatur Sollwert 01-001,,,,81000a,parameters,,parameter_temp10,,,,temp,,temp10,,,Berechneter Sollwert für die Raumtemperatur,,,,,,,,,,,,
r,,vl_temp_ist,Heizkreis Vorlauftemperatur Ist 00-002,,,,82000a,parameters,,parameter_temp10,,,,temp,,temp10,,,Vorlauftemperatur eines Heizkreises,,,,,,,,,,,,
r,,vl_temp_soll,Heizkreis Vorlauftemperatur Sollwert 01-002,,,,83000a,parameters,,parameter_temp10,,,,temp,,temp10,,,Berechneter Sollwert für die Heizkreis Vorlauftemperatur,,,,,,,,,,,,
r,,at_mittel,Aussentemperatur Mittelwert 02-020,,,,84000a,parameters,,parameter_temp10,,,,temp,,temp10,,,Berechneter Aussentemperatur Mittelwert,,,,,,,,,,,,
r,,status,Status Heizkreisregelung 02-051,,,,85000a,parameters,,parameter1,,,,status,,status,0=Abgeschaltet;1=Normal Heizbetrieb;3=Spar Heizbetrieb;4=Frostschutzbetrieb;5=Zwangsabnahme;6=Zwangsdrosselung;7=Ferienbetrieb;8=Partybetrieb;9=Normal Kühlbetrieb;11=Spar Kühlbetrieb;12=Störung;13=Handbetrieb;14=Schutz Kühlbetrieb;15=Partybetrieb Kühlen;16=Austrocknung Aufheizphase;17=Austrocknung Stationärphase;18=Austrocknung Abkühlphase;19=Austrocknung Endphase,,Zustand Heizkreisregelung,,,,,,,,,,,,
# Heizkreis Einstellungen MasterFB,,,,,,,,,,,,,,,,,,,,,,,,,,,,,,,
*r,hk_param1,,,,15,0621,63,,,,,,,,,,,,,,,,,,,,,,,,
[userlevel]r,,temp_raumschutz,Raumschutztemperatur 03-000,,,,80000a,parameters,,parameter_temp10,,,,temp,,temp10,,,,,,,,,,,,,,,
[userlevel]r,,temp_vl_auslegung,Auslegungs Vorlauftemperatur 03-013,,,,81000a,parameters,,parameter_temp2,,,,temp,,temp2,,,,,,,,,,,,,,,
[userlevel]r,,temp_heizgrenze_normal,Heizgrenze Normalbetrieb 03-021,,,,82000a,parameters,,parameter_temp10,,,,temp,,temp10,,,,,,,,,,,,,,,
[userlevel]r,,betriebswahl,Betriebswahl Heizung 03-050,,,,83000a,parameters,,parameter1,,,,status,,status,1=Automatikbetrieb 1;2=Automatikbetrieb 2;3=Automatikbetrieb 3;4=Normalbetrieb;5=Sparbetrieb;6=Standbybetrieb(WW frei);7=Handbetrieb Heizen,,,,,,,,,,,,,,
[userlevel]r,,temp_raum_normal,Normal Raumtemperatur Heizbetrieb 03-051,,,,84000a,parameters,,parameter_temp10,,,,temp,,temp10,,,,,,,,,,,,,,,
[userlevel]r,,temp_raum_spar,Spar Raumtemperatur Heizbetrieb 03-053,,,,85000a,parameters,,parameter_temp10,,,,temp,,temp10,,,,,,,,,,,,,,,
[userlevel]r,,temp_behaglichkeit,Behaglichkeit 03-058,,,,86000a,parameters,,parameter_temp10,,,,temp,,temp10,,,,,,,,,,,,,,,
*r,hk_param1,,,,15,0621,67,,,,,,,,,,,,,,,,,,,,,,,,
[userlevel]r,,temp_soll_handbetrieb,Solltemperatur Handbetrieb 07-009,,,,80000a,parameters,,parameter_temp10,,,,temp,,temp10,,,,,,,,,,,,,,,
[userlevel]r,,applikationstyp,Applikationstyp Heizkreis 07-076,,,,81000a,parameters,,parameter1,,,,status,,status,0=nicht aktiv1=Pumpenkreis ohne Kühlung;2=Pumpenkreis mit Kühlung;3=Mischerkreis ohne Kühlung;4=Mischerkreis mit Kühlung,,,,,,,,,,,,,,
# Heizkreis Menü Einstellungen MasterFB (Fachmann),,,,,,,,,,,,,,,,,,,,,,,,,,,,,,,
*r,hk_param2,,,,15,0621,63,,,,,,,,,,,,,,,,,,,,,,,,
*w,hk_param2,,,,10,0623,63,,,,,,,,,,,,,,,,,,,,,,,,
[expertlevel]r,,temp_raumschutz,Raumschutztemperatur 03-000,,,,80000a,parameters,,parameter_temp10,,,,temp,,temp10,,,,,,,,,,,,,,,
[expertlevel]r,,temp_vl_fusspunkt,Fusspunkt Vorlauftemperatur Heizbetrieb 03-001,,,,81000a,parameters,,parameter_temp10,,,,temp,,temp10,,,,,,,,,,,,,,,
[expertlevel]r,,heizgrenze_spar,Heizgrenze Sparbetrieb 03-002,,,,82000a,parameters,,parameter_temp10,,,,temp,,temp10,,,,,,,,,,,,,,,
[expertlevel]r,,startopt_vorhaltezeit,Startoptimierung Vorhaltezeit 03-006,,,,83000a,parameters,,parameter1,,,,time,,UIN,10,min,,,,,,,,,,,,,
[expertlevel]r,,temp_raum_kompensation,Raumtemperatur Kompensation 03-007,,,,84000a,parameters,,parameter1,,,,status,,UIN,10,,,,,,,,,,,,,,
[expertlevel]r,,temp_aussen_auslegung,Auslegungs Aussentemperatur Heizbetrieb 03-012,,,,85000a,parameters,,parameter_temp1_1b,,,,temp,,temp1_1b,,,,,,,,,,,,,,,
[expertlevel]r,,temp_vl_auslegung,Auslegungs Vorlauftemperatur 03-013,,,,86000a,parameters,,parameter_temp2,,,,temp,,temp2,,,,,,,,,,,,,,,
[expertlevel]r,,konst_at_mittelwert,Zeitkonstante für Aussentemperatur Mittelwertberechnung 03-020,,,,87000a,parameters,,parameter1,,,,time,,UIN,,h,,,,,,,,,,,,,
[expertlevel]r,,temp_heizgrenze_normal,Heizgrenze Normalbetrieb 03-021,,,,88000a,parameters,,parameter_temp10,,,,temp,,temp10,,,,,,,,,,,,,,,
[expertlevel]r,,temp_aussen_frostgrenze,Frostgrenze Aussentemperatur 03-023,,,,89000a,parameters,,parameter_temp10,,,,temp,,temp10,,,,,,,,,,,,,,,
[expertlevel]r,,zeitkonstante,Zeitkonstante für R 03-024,,,,8a000a,parameters,,parameter1,,,,time,,UIN,,,,,,,,,,,,,,,
[expertlevel]r,,abweichung_heizen_ein,Abweichung forciert Heizen 03-025,,,,8b000a,parameters,,parameter_temp10,,,,temp,,temp10,,,,,,,,,,,,,,,
[expertlevel]r,,abweichung_heizen_aus,Abweichung Heizen aus 03-026,,,,8c000a,parameters,,parameter_temp10,,,,temp,,temp10,,,,,,,,,,,,,,,
[expertlevel]r,,nachstellzeit_raumregler,Nachstellzeit Raumregler 03-030,,,,8d000a,parameters,,parameter1,,,,time,,UIN,10,,,,,,,,,,,,,,
[expertlevel]r,,betriebswahl,Betriebswahl Heizung 03-050,,,,8e000a,parameters,,parameter1,,,,status,,status,1=Automatikbetrieb 1;2=Automatikbetrieb 2;3=Automatikbetrieb 3;4=Normalbetrieb;5=Sparbetrieb;6=Standbybetrieb(WW frei);7=Handbetrieb Heizen,,,,,,,,,,,,,,
[expertlevel]r,,temp_raum_normal,Normal Raumtemperatur Heizbetrieb 03-051,,,,8f000a,parameters,,parameter_temp10,,,,temp,,temp10,,,,,,,,,,,,,,,
[expertlevel]r,,temp_raum_spar,Spar Raumtemperatur Heizbetrieb 03-053,,,,90000a,parameters,,parameter_temp10,,,,temp,,temp10,,,,,,,,,,,,,,,
[expertlevel]r,,temp_behaglichkeit,Behaglichkeit 03-058,,,,91000a,parameters,,parameter_temp10,,,,temp,,temp10,,,,,,,,,,,,,,,
[expertlevel]w,,settemp_behaglichkeit,Behaglichkeit 03-058,,,,91000a,temp,,temp10,,,,,,,,,,,,,,,,,,,,,
[expertlevel]r,,fernbedienung,Fernbedienung vorh 03-091,,,,92000a,parameters,,parameter1,,,,status,,status,,,,,,,,,,,,,,,
[expertlevel]r,,zone_ferien,Ferien Zonenzuordnung 03-092,,,,93000a,parameters,,parameter1,,,,status,,status,,,Nutzung des lokalen Ferienprogramms oder das eines bestehenden Heizkreises,,,,,,,,,,,,
[expertlevel]r,,zone_timer,Timer Zonenzuordnung 03-093,,,,94000a,parameters,,parameter1,,,,status,,status,,,Nutzung der lokalen Timerfunktionen oder die eines bestehenden Heizkreises,,,,,,,,,,,,
[expertlevel]r,,zone_betriebswahl,Betriebswahl Zonenzuordnung 03-094,,,,95000a,parameters,,parameter1,,,,status,,status,,,Nutzung der lokalen Betriebswahl oder die eines bestehenden Heizkreises,,,,,,,,,,,,
[expertlevel]r,,zone_zeitprogramm,Zeitprogramm Zonenzuordnung 03-095,,,,96000a,parameters,,parameter1,,,,status,,status,,,Nutzung des lokalen Zeitprogramms oder das eines bestehenden Heizkreises,,,,,,,,,,,,
[expertlevel]r,,zone_temperatur,Temperatur Zonenzuordnung 03-096,,,,97000a,parameters,,parameter1,,,,status,,status,,,,,,,,,,,,,,,
[expertlevel]r,,temp_anlage_min,Minimale Anlagetemperatur 03-110,,,,98000a,parameters,,parameter_temp10,,,,temp,,temp10,,,,,,,,,,,,,,,
[expertlevel]r,,abschaltdifferenz,Abschaltdifferenz Anlagetemperatur 03-111,,,,99000a,parameters,,parameter_temp10,,,,temp,,temp10,,,,,,,,,,,,,,,
*r,hk_param2,,,,15,0621,67,,,,,,,,,,,,,,,,,,,,,,,,
[expertlevel]r,,proportionalbereich_mischer,Proportionalbereich Mischerregelung 07-000,,,,80000a,parameters,,parameter_temp10,,,,temp,,temp10,,,,,,,,,,,,,,,
[expertlevel]r,,we_vl_soll_überhöhung,Wärmeerzeuger Überhöhung Vorlaufsollwert 07-001,,,,81000a,parameters,,parameter_temp10,,,,temp,,temp10,,,,,,,,,,,,,,,
[expertlevel]r,,temp_vl_min,Minimale Vorlauftemperatur 07-002,,,,82000a,parameters,,parameter_temp10,,,,temp,,temp10,,,,,,,,,,,,,,,
[expertlevel]r,,nachlauf_pumpe,Pumpennachlauf Heizkreis 07-003,,,,83000a,parameters,,parameter_temp10,,,,time,,UIN,10,min,,,,,,,,,,,,,
[expertlevel]r,,heizkreistyp,Heizkreistyp 07-005,,,,84000a,parameters,,parameter1,,,,status,,status,0=3-Punkt Mischer;1=2-Punkt Mischer;2=Pumpkreis;3=kein Heizkreis,,,,,,,,,,,,,,
[expertlevel]r,,temp_vl_max,Vorlauf Maximaltemperatur 07-008,,,,85000a,parameters,,parameter_temp10,,,,temp,,temp10,,,,,,,,,,,,,,,
[expertlevel]r,,temp_soll_handbetrieb,Solltemperatur Handbetrieb 07-009,,,,86000a,parameters,,parameter_temp10,,,,temp,,temp10,,,,,,,,,,,,,,,
[expertlevel]r,,überhöhung_hk_niedertarif,Heizkreisüberhöhung Niedertarif 07-031,,,,87000a,parameters,,parameter_temp2,,,,temp,,temp2,,,,,,,,,,,,,,,
[expertlevel]r,,energiezwangzahl,Energiezwangzahl 07-034,,,,88000a,parameters,,parameter1,,,,status,,status,0=kein;1=negativ;2=positiv;3=beide,,,,,,,,,,,,,,
[expertlevel]r,,mischer_neutralzone,Mischer Neutralzone 07-041,,,,89000a,parameters,,parameter_temp10,,,,temp,,UIN,10,K,,,,,,,,,,,,,
[expertlevel]r,,applikationstyp,Applikationstyp Heizkreis 07-076,,,,8a000a,parameters,,parameter1,,,,status,,status,0=nicht aktiv1=Pumpenkreis ohne Kühlung;2=Pumpenkreis mit Kühlung;3=Mischerkreis ohne Kühlung;4=Mischerkreis mit Kühlung,,,,,,,,,,,,,,
# Heizkreis Relaisausgänge,,,,,,,,,,,,,,,,,,,,,,,,,,,,,,,
*r,hk_relais,,,,15,0621,75,,,,,,,,,,,,,,,,,,,,,,,,
r,,hk_pumpe,Heizkreispumpe 01-020,,,,80000a,parameters,,parameter1,,,,status,,status,,,Stellgröße für eine Heizkreispumpe,,,,,,,,,,,,
r,,hk_mischer,Mischer 01-021,,,,81000a,parameters,,parameter_range,,,,status,,range,,%,Stellgröße für ein Heizkreis Mischventil,,,,,,,,,,,,
# Wärmemanager Ping für MasterFB Display,,,,,,,,,,,,,,,,,,,,,,,,,,,,,,,
*r,wm_ping,,,,15,0621,,,,,,,,,,,,,,,,,,,,,,,,,
r,,leistung_heizung,Heizleistung Heizbetrieb 02-040,,,,02a80050,parameters,,parameter1_10,,,,temp,,SIN,10,kW,Berechnete Gesamtheizleistung,,,,,,,,,,,,
r,,leistung_ww,Heizleistung Warmwasser 02-041,,,,02a90050,parameters,,parameter1_10,,,,temp,,SIN,10,kW,Berechnete Gesamt Warmwasser Ladeleistung,,,,,,,,,,,,
r,,status,Status Wärmemanager 02-054,,,,02b60050,parameters,,parameter1,,,,status,,status,0=Abgeschaltet;1=Heizen;2=Kühlen;16=Störung,,Zustand Wärmemanagerfunktion,,,,,,,,,,,,
r,,time,Uhrzeit 02-072,,,,02c80050,parameters,,parameter_time,,,,time,,MIN,,,Uhrzeit,,,,,,,,,,,,
r,,wd,Wochentag 02-073,,,,02c90050,parameters,,parameter_wd,,,,day,,BDY,,,Wochentag,,,,,,,,,,,,
r,,anlage_temp,Anlagetemperatur 00-107 (00-096),,,,000e0050,parameters,,parameter_temp10,,,,temp,,temp10,,,Anlagen Vorlauftemperatur für Heizbetrieb (Verteiler),,,,,,,,,,,,
# Wärmemanager Menü Soll-Ist MasterFB,,,,,,,,,,,,,,,,,,,,,,,,,,,,,,,
*r,wm_stat,,,,15,0621,7a,,,,,,,,,,,,,,,,,,,,,,,,
r,,puffer_temp_oben,Puffertemperatur oben 00-015,,,,800010,parameters,,parameter_temp10,,,,temp,,temp10,,,Obere Heizungspuffer Temperatur (Einschalttemperatur),,,,,,,,,,,,
r,,anlage_solltemp_ww,Anlage Sollwert Warmwasserbetrieb 01-097,,,,810010,parameters,,parameter_temp1,,,,temp,,temp1,,,Berechneter Sollwert für die Anlagenvorlauftemperatur Warmwasser Ladebetrieb,,,,,,,,,,,,
r,,anlage_temp,Anlagetemperatur 00-107,,,,820010,parameters,,parameter_temp10,,,,temp,,temp10,,,Anlagen Vorlauftemperatur für Heizbetrieb (Verteiler),,,,,,,,,,,,
r,,anlage_solltemp_heizung,Anlagetemperatur Sollwert 01-107,,,,830010,parameters,,parameter_temp10,,,,temp,,temp10,,,Berechneter Sollwert für die Anlagenvorlauftemperatur Heizbetrieb,,,,,,,,,,,,
r,,leistung_heizung,Heizleistung Heizbetrieb 02-040,,,,840010,parameters,,parameter1_10,,,,temp,,SIN,10,kW,Berechnete Gesamtheizleistung,,,,,,,,,,,,
r,,leistung_ww,Heizleistung Warmwasser 02-041,,,,850010,parameters,,parameter1_10,,,,temp,,SIN,10,kW,Berechnete Gesamt Warmwasser Ladeleistung,,,,,,,,,,,,
r,,status,Status Wärmemanager 02-054,,,,860010,parameters,,parameter1,,,,status,,status,0=Abgeschaltet;1=Heizen;2=Kühlen;16=Störung,,Zustand Wärmemanagerfunktion,,,,,,,,,,,,
# Wärmemanager Menü Einstellungen MasterFB,,,,,,,,,,,,,,,,,,,,,,,,,,,,,,,
*r,wm_param1,,,,15,0621,66,,,,,,,,,,,,,,,,,,,,,,,,
[userlevel]r,,betriebswahl,Betriebswahl Wärmemanager 06-015,,,,800000,parameters,,parameter1,,,,status,,status,1=Automatik;4=Handbetrieb Heizen;5=Handbetrieb Kühlen,,,,,,,,,,,,,,
[userlevel]r,,hand_temp_soll,Solltemperatur Handbetrieb 06-016,,,,800010,parameters,,parameter1,,,,temp,,temp10,,,Sollwert für die Wärmeerzeuger Vorlauftemperatur im Handbetrieb.,,,,,,,,,,,,
[userlevel]r,,applikationstyp,Applikationstyp Wärmemanager 06-076,,,,800020,parameters,,parameter1,,,,status,,status,0=kein Pufferspeicher;1=Puffer ohne WW;2=Puffer mit WW;3=Reversibler Puffer;4=Puffer mit WW-+Kühlpuffer,,Damit kann ein vordefinierter Parametersatz für die Wärmepumpenfunktion geladen werden,,,,,,,,,,,,
# Wärmemanager Menü Einstellungen MasterFB (Fachmann),,,,,,,,,,,,,,,,,,,,,,,,,,,,,,,
*r,wm_param2,,,,15,0621,66,,,,,,,,,,,,,,,,,,,,,,,,
[expertlevel]r,,max_ww_ladeleistung,Maximale Warmwasser Ladeleistung System 06-000,,,,800010,parameters,,parameter1_10,,,,temp,,SIN,10,kW,,,,,,,,,,,,,
[expertlevel]r,,max_heizleistung,Maximale Heizleistung System 06-001,,,,810010,parameters,,parameter1_10,,,,temp,,SIN,10,kW,,,,,,,,,,,,,
[expertlevel]r,,max_kuehlleistung,Maximale Kühlleistung System 06-002,,,,820010,parameters,,parameter1_10,,,,temp,,SIN,10,kW,,,,,,,,,,,,,
[expertlevel]r,,pufferfunktion,Pufferfunktion 06-003,,,,830010,parameters,,parameter1,,,,status,,status,0=kein Puffer;1=Heizungspuffer;2=Kombipuffer,,,,,,,,,,,,,,
[expertlevel]r,,ueberhoehung_we_sollwert,Überhöhung Wärmeerzeuger Sollwert 06-004,,,,840010,parameters,,parameter_temp10,,,,temp,,temp10,,,,,,,,,,,,,,,
[expertlevel]r,,sollwertoffset_fuehler_puffer_mitte,Sollwertoffset Anschaltfühler Puffer mitte 06-005,,,,850010,parameters,,parameter_temp10,,,,temp,,temp10,,,,,,,,,,,,,,,
[expertlevel]r,,temp_puffer_min,Puffer Minimaltemperatur 06-006,,,,860010,parameters,,parameter_temp10,,,,temp,,temp10,,,,,,,,,,,,,,,
[expertlevel]r,,proportionalbereich_wm,Proportionalbereich Wärmemanager 06-010,,,,870010,parameters,,parameter1_10,,,,temp,,SIN,10,K,,,,,,,,,,,,,
[expertlevel]r,,nachstellzeit_wm,Nachstellzeit Wärmemanager 06-011,,,,880010,parameters,,parameter1_10,,,,time,,SIN,10,min,,,,,,,,,,,,,
[expertlevel]r,,vorhaltezeit_wm,Vorhaltezeit Wärmemanager 06-012,,,,890010,parameters,,parameter1_10,,,,time,,SIN,10,min,,,,,,,,,,,,,
[expertlevel]r,,reduktion_anlagevl_sollwert_stoerung,Reduktion Anlagevorlauf Sollwert bei Störung 06-013,,,,8a0010,parameters,,parameter1_10,,,,temp,,SIN,10,K,,,,,,,,,,,,,
[expertlevel]r,,betriebswahl,Betriebswahl Wärmemanager 06-015,,,,8b0010,parameters,,parameter1,,,,status,,status,1=Automatik;4=Handbetrieb Heizen;5=Handbetrieb Kühlen,,,,,,,,,,,,,,
[expertlevel]r,,hand_temp_soll,Solltemperatur Handbetrieb 06-016,,,,8c0010,parameters,,parameter1,,,,temp,,temp10,,,,,,,,,,,,,,,
[expertlevel]r,,max_sollwertsteigung_hz,Maximale Sollwertsteigung Heizbetrieb 06-017,,,,8d0010,parameters,,parameter1_10,,,,value,,SIN,10,K/min,,,,,,,,,,,,,
[expertlevel]r,,max_sollwertsteigung_ww,Maximale Sollwertsteigung Warmwasserbetrieb 06-018,,,,8e0010,parameters,,parameter1_10,,,,value,,SIN,10,K/min,,,,,,,,,,,,,
[expertlevel]r,,sequenzwechselzeit,Sequenzwechselzeit 06-020,,,,8f0010,parameters,,parameter1,,,,status,,status,0=kein Wechsel;1=Nach 1 Woche;2=Nach 2 Wochen;3=Nach 3 Wochen;4=Nach 4 Wochen;5=Nach 5 Wochen;6=Nach 6 Wochen;7=Nach 7 Wochen;8=sonstiger Sequenzwechsel,,,,,,,,,,,,,,
[expertlevel]r,,temp_puffer_soll_ez,Puffer Solltemperatur für Energiezwang 06-025,,,,900010,parameters,,parameter_temp10,,,,temp,,temp10,,,,,,,,,,,,,,,
[expertlevel]r,,temp_puffer_max,Puffer Maximaltemperatur 06-026,,,,910010,parameters,,parameter_temp10,,,,temp,,temp10,,,,,,,,,,,,,,,
[expertlevel]r,,temp_puffer_soll_sonder,Puffer Solltemperatur bei Sonderfreigabe 06-027,,,,920010,parameters,,parameter_temp10,,,,temp,,temp10,,,,,,,,,,,,,,,
[expertlevel]r,,nachlaufzeit_sonder,Nachlaufzeit Sonderfreigabe 06-028,,,,930010,parameters,,parameter1,,,,time,,SIN,,h,,,,,,,,,,,,,
[expertlevel]r,,applikationstyp,Applikationstyp Wärmemanager 06-076,,,,940010,parameters,,parameter1,,,,status,,status,0=kein Pufferspeicher;1=Puffer ohne WW;2=Puffer mit WW;3=Reversibler Puffer;4=Puffer mit WW-+Kühlpuffer,,,,,,,,,,,,,,
[expertlevel]r,,temp_max_ww_solar,Warmwasser Maximaltemperatur Solarladung 08-059,,,,950010,parameters,,parameter_temp10,,,,temp,,temp10,,,,,,,,,,,,,,,
[expertlevel]r,,sollwertreduktion_solar,Sollwertreduktion bei Solar aktiv 08-072,,,,960010,parameters,,parameter1,,,,temp,,SIN,,K,,,,,,,,,,,,,
[expertlevel]r,,solarleistung_sollwertreduktion,Solarleistung Sollwertreduktion 08-073,,,,970010,parameters,,parameter1_10,,,,value,,SIN,10,kW,,,,,,,,,,,,,
[expertlevel]r,,temp_min_ww_solar,Warmwasser Minimaltemperatur bei Solar aktiv 08-079,,,,980010,parameters,,parameter_temp10,,,,temp,,temp10,,,,,,,,,,,,,,,
# Wärmemanager Relaisausgänge (Fachmann),,,,,,,,,,,,,,,,,,,,,,,,,,,,,,,
*r,wm_relais2,,,,15,0621,7b,,,,,,,,,,,,,,,,,,,,,,,,
[expertlevel]r,,umlenkventil_puffer,Umlenkventil Puffer 22-065,,,,800010,parameters,,parameter1,,,,status,,status,,,Stellgröße für eine Heizkreispumpe,,,,,,,,,,,,
# Globalfunktionen Ping für MasterFB Display,,,,,,,,,,,,,,,,,,,,,,,,,,,,,,,
*r,gf_ping,,,,15,0621,,,,,,,,,,,,,,,,,,,,,,,,,
r,,date,Datum 02-070,,,,02c60040,parameters,,parameter1,,,,date,,DAY,,,Zustand Wärmemanagerfunktion,,,,,,,,,,,,
r,,time,Uhrzeit 02-072,,,,02c80040,parameters,,parameter_time,,,,time,,MIN,,,Uhrzeit,,,,,,,,,,,,
r,,wd,Wochentag 02-073,,,,02c90040,parameters,,parameter_wd,,,,day,,BDY,,,Wochentag,,,,,,,,,,,,
# Globalfunktionen Menü Soll-Ist MasterFB,,,,,,,,,,,,,,,,,,,,,,,,,,,,,,,
*r,gf_stat,,,,15,0621,78,,,,,,,,,,,,,,,,,,,,,,,,
r,,at,Aussentemperatur 00-000,,,,800000,parameters,,parameter_temp10,,,,temp,,temp10,,,Aussentemperatur,,,,,,,,,,,,
r,,ww_temp_ist,Warmwassertemperatur 00-004,,,,810000,parameters,,parameter1,,,,temp,,temp10,,,Obere Warmwasserspeichertemperatur,,,,,,,,,,,,
r,,vl_temp_ist,Vorlauftemperatur Wärmeerzeuger 00-007,,,,820000,parameters,,parameter_temp10,,,,temp,,temp10,,,Wärmeerzeuger Vorlauftemperatur,,,,,,,,,,,,
r,,rl_temp_ist,Rücklauftemperatur Wärmeerzeuger 00-008,,,,830000,parameters,,parameter_temp10,,,,temp,,temp10,,,Wärmeerzeuger Rücklauftemperatur,,,,,,,,,,,,
r,,wq_temp_out,Wärmequelle Austrittstemperatur 00-070,,,,840000,parameters,,parameter_temp10,,,,temp,,temp10,,,Wärmequellen Austrittstemperatur vom Verdampfer,,,,,,,,,,,,
r,,wq_temp_in,Wärmequelle Eintrittstemperatur 00-071,,,,850000,parameters,,parameter_temp10,,,,temp,,temp10,,,Wärmequellen Eintrittstemperatur zum Verdampfer,,,,,,,,,,,,
r,,temp_hg,Heissgastemperatur 00-072,,,,860000,parameters,,parameter_temp10,,,,temp,,temp10,,,Heissgastemperatur im Kältekreis,,,,,,,,,,,,
r,,anlage_temp,Anlagetemperatur 00-107,,,,870000,parameters,,parameter_temp10,,,,temp,,temp10,,,Anlagen Vorlauftemperatur für Heizbetrieb (Verteiler),,,,,,,,,,,,
r,,anlage_solltemp_heizung,Anlagetemperatur Sollwert 01-107,,,,880000,parameters,,parameter_temp10,,,,temp,,temp10,,,Berechneter Sollwert für die Anlagenvorlauftemperatur Heizbetrieb,,,,,,,,,,,,
# Globalfunktionen Menü Einstellungen MasterFB,,,,,,,,,,,,,,,,,,,,,,,,,,,,,,,
*r,gf_param1,,,,15,0621,64,,,,,,,,,,,,,,,,,,,,,,,,
[userlevel]r,,fuehler_speichern,Fühlerkonfiguration speichern 04-000,,,,800000,parameters,,parameter1,,,,status,,status,,,,,,,,,,,,,,,
[userlevel]r,,kommandos,Kommandos 04-045,,,,810000,parameters,,parameter1,,,,status,,status,,,,,,,,,,,,,,,
[userlevel]r,,modus_austrocknung,Austrocknungsprogramm Modus 04-060,,,,820000,parameters,,parameter1,,,,status,,status,,,,,,,,,,,,,,,
[userlevel]r,,applikationstyp,Applikationstyp Globalfunktion 04-076,,,,830000,parameters,,parameter1,,,,status,,status,,,,,,,,,,,,,,,
[userlevel]r,,hydraulikapplikation,Hydraulikapplikation 04-077,,,,840000,parameters,,parameter1,,,,status,,status,,,,,,,,,,,,,,,
[userlevel]r,,version_sw,SW Version 04-092,,,,850000,parameters,,parameter1,,,,value,,UIN,100,,,,,,,,,,,,,,
[userlevel]r,,version_hw,HW Version 04-093,,,,860000,parameters,,parameter1,,,,value,,UIN,100,,,,,,,,,,,,,,
[userlevel]r,,idnr_sw,SW ID Nr. 04-094,,,,870000,parameters,,parameter1,,,,value,,UIN,,,,,,,,,,,,,,,
# Globalfunktionen Menü Einstellungen MasterFB (Fachmann),,,,,,,,,,,,,,,,,,,,,,,,,,,,,,,
*r,gf_param2,,,,15,0621,64,,,,,,,,,,,,,,,,,,,,,,,,
[expertlevel]r,,fuehler_speichern,Fühlerkonfiguration speichern 04-000,,,,800000,parameters,,parameter1,,,,status,,status,,,,,,,,,,,,,,,
[expertlevel]r,,zuordn_sollwert_in,Sollwerteingang Funktionszuordnung 04-002,,,,810000,,,,,,,,,,,,,,,,,,,,,,,,
[expertlevel]r,,unit_nr,eBus Unit Nummer 04-020,,,,820000,,,,,,,,,,,,,,,,,,,,,,,,
[expertlevel]r,,mfa1,Multifunktionsausgang MFA 1 04-030,,,,830000,,,,,,,,,,,,,,,,,,,,,,,,
[expertlevel]r,,mfa2,Multifunktionsausgang MFA 2 04-031,,,,840000,,,,,,,,,,,,,,,,,,,,,,,,
[expertlevel]r,,zuordn_sollwert_out,Sollwertausgang Funktionszuordnung 04-037,,,,850000,,,,,,,,,,,,,,,,,,,,,,,,
[expertlevel]r,,min_dc1,Minimalwert DC Ausgang 1 04-038,,,,860000,,,,,,,,,,,,,,,,,,,,,,,,
[expertlevel]r,,max_dc1,Maximalwert DC Ausgang 1 04-039,,,,870000,,,,,,,,,,,,,,,,,,,,,,,,
[expertlevel]r,,service_passwort,Service Passwort 04-040,,,,880000,,,,,,,,,,,,,,,,,,,,,,,,
[expertlevel]r,,kommandos,Kommandos 04-045,,,,890000,parameters,,parameter1,,,,status,,status,,,,,,,,,,,,,,,
[expertlevel]r,,modus_austrocknung,Austrocknungsprogramm Modus 04-060,,,,8a0000,parameters,,parameter1,,,,status,,status,,,,,,,,,,,,,,,
[expertlevel]r,,vl_sw_steigung_aufheizen,Vorlaufsollwertsteigung Aufheizphase 04-061,,,,8b0000,,,,,,,,,,,,,,,,,,,,,,,,
[expertlevel]r,,vl_sw_abfall_kuehlen,Vorlaufsollwertabfall Abkühlphase 04-062,,,,8c0000,,,,,,,,,,,,,,,,,,,,,,,,
[expertlevel]r,,vl_sw_beharrung,Vorlaufsollwert Beharrungsphase 04-063,,,,8d0000,,,,,,,,,,,,,,,,,,,,,,,,
[expertlevel]r,,dauer_beharrung,Dauer Beharrungsphase 04-064,,,,8e0000,,,,,,,,,,,,,,,,,,,,,,,,
[expertlevel]r,,applikationstyp,Applikationstyp Globalfunktion 04-076,,,,8f0000,parameters,,parameter1,,,,status,,status,,,,,,,,,,,,,,,
[expertlevel]r,,hydraulikapplikation,Hydraulikapplikation 04-077,,,,900000,parameters,,parameter1,,,,status,,status,,,,,,,,,,,,,,,
[expertlevel]r,,version_sw,SW Version 04-092,,,,910000,parameters,,parameter1,,,,value,,UIN,100,,,,,,,,,,,,,,
[expertlevel]r,,version_hw,HW Version 04-093,,,,920000,parameters,,parameter1,,,,value,,UIN,100,,,,,,,,,,,,,,
[expertlevel]r,,idnr_sw,SW ID Nr. 04-094,,,,930000,parameters,,parameter1,,,,value,,UIN,,,,,,,,,,,,,,,
[expertlevel]r,,zuordn_sollwert_out2,Sollwertausgang Funktionszuordnung 2 04-107,,,,940000,,,,,,,,,,,,,,,,,,,,,,,,
[expertlevel]r,,min_dc2,Minimalwert DC Ausgang 2 04-108,,,,950000,,,,,,,,,,,,,,,,,,,,,,,,
[expertlevel]r,,max_dc2,Maximalwert DC Ausgang 2 04-109,,,,960000,,,,,,,,,,,,,,,,,,,,,,,,
[expertlevel]r,,einheit_impuls,Einheit Impulseingang 17-000,,,,970000,,,,,,,,,,,,,,,,,,,,,,,,
[expertlevel]r,,impulsrate,Impulsrate 17-001,,,,980000,,,,,,,,,,,,,,,,,,,,,,,,
# Globalfunktionen Relaisausgänge,,,,,,,,,,,,,,,,,,,,,,,,,,,,,,,
*r,gf_relais1,,,,15,0621,74,,,,,,,,,,,,,,,,,,,,,,,,
[userlevel]r,,sammelstoerung,Sammelstörung 01-099,,,,800000,parameters,,parameter1,,,,status,,status,,,Stellgröße für eine Heizkreispumpe,,,,,,,,,,,,
# Globalfunktionen Relaisausgänge (Fachmann),,,,,,,,,,,,,,,,,,,,,,,,,,,,,,,
*r,gf_relais2,,,,15,0621,74,,,,,,,,,,,,,,,,,,,,,,,,
[expertlevel]r,,fernleitungspumpe,Fernleitungspumpe 01-063,,,,800000,parameters,,parameter1,,,,status,,status,,,Stellgröße für eine Heizkreispumpe,,,,,,,,,,,,
[expertlevel]r,,sammelstoerung,Sammelstörung 01-099,,,,810000,parameters,,parameter1,,,,status,,status,,,Stellgröße für eine Heizkreispumpe,,,,,,,,,,,,
